price,name,store,link,brand,sku_id
229.0,小米,小米京东自营旗舰店,//item.jd.com/100003687193.html,小米,100003687193
169.0,小米,小米京东自营旗舰店,//item.jd.com/100006188596.html,小米,100006188596
189.0,荣耀,荣耀京东自营旗舰店,//item.jd.com/100006756254.html,荣耀,100006756254
219.0,荣耀,荣耀京东自营旗舰店,//item.jd.com/100006756282.html,荣耀,100006756282
269.0,华为,华为京东自营官方旗舰店,//item.jd.com/100003822240.html,华为,100003822240
898.0,华为,华为京东自营官方旗舰店,//item.jd.com/100006360444.html,华为,100006360444
229.0,【自营仓】小米（MI）,圆讯优选旗舰店,//item.jd.com/26301985127.html,小米,26301985127
179.0,荣耀,荣耀京东自营旗舰店,//item.jd.com/100000018890.html,荣耀,100000018890
169.0,小米,小米京东自营旗舰店,//item.jd.com/7545792.html,小米,7545792
399.0,小米 米兔儿童电话手表2 学生运动,小米京东自营旗舰店,//item.jd.com/4279279.html,小米,4279279
1188.0,华为手表WATCH GT 运动智能手表男女 成人心率睡眠检测2周续航防水NFC蓝牙,华为澳先专卖店,//item.jd.com/35162573913.html,华为,35162573913
199.0,小米,小米京东自营旗舰店,//item.jd.com/100000383225.html,小米,100000383225
109.0,华为,华为京东自营官方旗舰店,//item.jd.com/100002285538.html,华为,100002285538
1388.0,【领券直降】华为智能手表WATCH GT 两周续航 户外运动,华为沃德专营店,//item.jd.com/34751132184.html,华为,34751132184
169.0,Keep 运动智能,Keep智能运动京东自营旗舰店,//item.jd.com/100004601380.html,Keep,100004601380
2488.0,华为电话手表WATCH2 智能手表男女成人初中高中学生4G插卡蓝牙穿戴GT运动,华为卓瑞尔专卖店,//item.jd.com/28938922242.html,华为,28938922242
899.0,【直降100元】华为,华为卓瑞尔专卖店,//item.jd.com/29997056215.html,华为,29997056215
379.0,【咨询领券】华为,秒通数码专营店,//item.jd.com/43227512448.html,华为,43227512448
888.0,【限时直降100】华为儿童电话手表3pro学生GPS定位防水智能手表4G全网通视频通话男女孩礼物,秒通数码专营店,//item.jd.com/27187085375.html,华为,27187085375
1188.0,【直降100元】华为手表WATCH GT智能手表男女成人蓝牙穿戴运动,华为卓瑞尔专卖店,//item.jd.com/35157169282.html,华为,35157169282
1099.0,【限时直降100】华为,秒通数码专营店,//item.jd.com/30241014257.html,华为,30241014257
99.0,荣耀,荣耀京东自营旗舰店,//item.jd.com/100000101418.html,荣耀,100000101418
1299.0,脉迹mystrace 心血管健康监测智能,脉迹（mystrace）京东自营旗舰店,//item.jd.com/100003436905.html,脉迹,100003436905
449.0,华为,华为卓瑞尔专卖店,//item.jd.com/35670020152.html,华为,35670020152
699.0,华为荣耀智能手表Watch Magic运动,千百回智能专营店,//item.jd.com/12615251692.html,荣耀,12615251692
398.0,特兰恩（Tralean） 智能,精选贸易数码专营店,//item.jd.com/56272799350.html,特兰恩,56272799350
229.0,小米（MI） 小米,圆迈智能旗舰店,//item.jd.com/50038177034.html,小米,50038177034
129.0,乐心,乐心京东自营官方旗舰店,//item.jd.com/100000731746.html,乐心,100000731746
1188.0,【送皮+钢表带】华为手表watch gt运动智能手表蓝牙心率睡眠监测防水2周续航NFC支付,秒通数码专营店,//item.jd.com/26400516161.html,华为,26400516161
1188.0,【领券减100】华为智能手表Watch GT蓝牙无线心率监测智能穿戴计步器2周续航支付,屹林智能专营店,//item.jd.com/35322284851.html,华为,35322284851
899.0,【直降100元】华为,华为中联智能专卖店,//item.jd.com/31166694752.html,华为,31166694752
698.0,Fitbit Inspire HR 智能心率,fitbit京东自营官方旗舰店,//item.jd.com/100004110614.html,Fitbit,100004110614
1599.0,华为（HUAWEI） 彩屏全触控智能,智辰熙数码专营店,//item.jd.com/30603439567.html,华为,30603439567
999.0,【领券直降】华为,华为沃德专营店,//item.jd.com/30001221231.html,华为,30001221231
229.0,【自营仓速发】小米（MI）,智联万物箱包专营店,//item.jd.com/49879464323.html,小米,49879464323
388.0,【咨询客服立减】华为儿童电话手表3/3pro智能七重定位高清拍照插卡通话防水男女孩学生荣耀,港讯智能专营店,//item.jd.com/41540395617.html,荣耀,41540395617
229.0,小寻Mibro 儿童电话手表S2 生活防水 GPS定位防丢 学生儿童定位手机 智能,小寻京东自营官方旗舰店,//item.jd.com/100000317694.html,小寻,100000317694
449.0,华为（HUAWEI） 【咨询享豪礼】华为,华为中联智能专卖店,//item.jd.com/15897202879.html,华为,15897202879
195.0,华为荣耀,港讯智能专营店,//item.jd.com/52506057738.html,荣耀,52506057738
229.0,小米（MI） ,小米爆米花专卖店,//item.jd.com/53800419037.html,小米,53800419037
499.0,ADZ 监测血压心率自动报警心电图心脏心跳脉搏彩屏多功能智能,ADZ旗舰店,//item.jd.com/43949892253.html,ADZ,43949892253
419.0,dido G19智能,dido旗舰店,//item.jd.com/10868334431.html,dido,10868334431
1388.0,【新品】华为智能手表WATCH GT 两周续航 户外运动,华为沃德专营店,//item.jd.com/45191826441.html,华为,45191826441
298.0,全程通BY51彩屏智能通话,全程通京东自营旗舰店,//item.jd.com/100001825765.html,全程通,100001825765
1506.0,欧坦 【升级双系统】智能手表男4G全网通wifi上网可插卡拍照电话手表成年学生智能,欧坦官方旗舰店,//item.jd.com/50564619598.html,欧坦,50564619598
169.0,Keep 运动智能,Keep旗舰店,//item.jd.com/48700665132.html,Keep,48700665132
699.0,爱多（IDALL） 血压,IDALL旗舰店,//item.jd.com/41421937472.html,爱多,41421937472
325.0,小米（MI） 米兔智能儿童电话手表2女孩男孩学生手表手机通话GPS定位防水防丢,圆迈智能旗舰店,//item.jd.com/10964787858.html,小米,10964787858
399.0,360 儿童电话手表8X 4G视频通话定位支付防水手机男女孩小学生拍照智能gps多功能运动,瑞达鼎峰数码专营店,//item.jd.com/46631869098.html,360,46631869098
699.0,华为荣耀智能手表Watch Magic 运动,华为沃德专营店,//item.jd.com/28113234949.html,荣耀,28113234949
3979.0,华为（HUAWEI） 智能手表WATCH2 pro电话手表独立通话运动计步GT定位心率NFC男女,金米数码专营店,//item.jd.com/20046867943.html,华为,20046867943
295.0,华为荣耀小K2儿童电话手表防水GPS定位360度智能,千百回智能专营店,//item.jd.com/40056448379.html,360,40056448379
399.0,NOERDEN 牛丁 智能手表 瑞士机芯 LIFE2运动时尚男女士腕表 防水计步电话提醒,NOERDEN官方旗舰店,//item.jd.com/11102218233.html,NOERDEN,11102218233
414.0,【直降】华为智能运动,华为沃德专营店,//item.jd.com/16981236264.html,华为,16981236264
379.0,【咨询享豪礼】华为,华为中联智能专卖店,//item.jd.com/14703117638.html,华为,14703117638
387.0,华为儿童电话手表3 360度防水GPS七重定位 小天男女学生移动2G通话 高清拍照智能,华为沃德专营店,//item.jd.com/41550779037.html,360,41550779037
169.0,全程通W8智能运动手表彩屏,全程通京东自营旗舰店,//item.jd.com/100005667668.html,全程通,100005667668
899.0,【直降100元】华为,华为中联智能专卖店,//item.jd.com/30498886629.html,华为,30498886629
229.0,小米（MI） ,元朗智能专营店,//item.jd.com/12355585097.html,小米,12355585097
399.0,dido F5智能通话,dido旗舰店,//item.jd.com/44493815057.html,dido,44493815057
195.0,华为（HUAWEI） 荣耀,港讯智能专营店,//item.jd.com/52882981104.html,荣耀,52882981104
1958.0,普利邦 智能,普利邦数码旗舰店,//item.jd.com/43833496475.html,普利邦,43833496475
348.0,真匠 老人电话手表定位成人智能测心率血压健康GPS定位器老年防走失走丢通话防水运动,真匠数码旗舰店,//item.jd.com/18549681070.html,真匠,18549681070
289.0,华为（HUAWEI） 荣耀小K2智能儿童手表 儿童电话手表GPS定位高清通话防水手表,彪牌手机配件专营店,//item.jd.com/40108000310.html,荣耀,40108000310
1388.0,华为智能手表WATCH GT华为手表男女,金米数码专营店,//item.jd.com/45234515968.html,华为,45234515968
749.0,【咨询客服立减】华为荣耀手表WatchMagic智能运动,港讯智能专营店,//item.jd.com/35701048864.html,荣耀,35701048864
399.0,Amazfit 米动健康,AMAZFIT京东自营官方旗舰店,//item.jd.com/100006955452.html,Amazfit,100006955452
369.0,【限时优惠40】华为,华为盈诺专营店,//item.jd.com/43293592599.html,华为,43293592599
125.0,【东家智选】乐心,乐心京东自营官方旗舰店,//item.jd.com/100001798137.html,乐心,100001798137
179.0,华为荣耀,酷联数码专营店,//item.jd.com/34049866533.html,荣耀,34049866533
1980.0,瑞德罗曼 智能手表多功能测血压心率运动,瑞德罗曼数码旗舰店,//item.jd.com/40880517992.html,瑞德罗曼,40880517992
699.0,ADZ 健康智能,ADZ旗舰店,//item.jd.com/47620770423.html,ADZ,47620770423
99.0,华为（HUAWEI） 智能,华为臻联专营店,//item.jd.com/19512316969.html,华为,19512316969
229.0,小米（MI） 小米,佳沪智能专营店,//item.jd.com/49866112834.html,小米,49866112834
299.0,斯泰克 血压,斯泰克（STIGER）京东自营旗舰店,//item.jd.com/100007255278.html,斯泰克,100007255278
199.0,华为（HUAWEI） 新品荣耀,荣耀智能旗舰店,//item.jd.com/52616058004.html,荣耀,52616058004
199.0,360 儿童电话手表SE5智能通话GPS定位 小学生,屹林智能专营店,//item.jd.com/50195514455.html,360,50195514455
183.0,小米（MI） 米兔儿童电话手表2C女孩男孩学生手表手机通话GPS定位防水防丢,圆迈智能旗舰店,//item.jd.com/11726975656.html,小米,11726975656
229.0,dido G16 智能,Dido智能设备京东自营旗舰店,//item.jd.com/100002113677.html,dido,100002113677
399.0,dido F10智能体脂肪,dido旗舰店,//item.jd.com/48923924816.html,dido,48923924816
99.0,【咨询领券】华为,华为屹林专卖店,//item.jd.com/39069670010.html,华为,39069670010
229.0,小米（MI） 小米,小米智联万物专卖店,//item.jd.com/50046018713.html,小米,50046018713
177.0,小米（MI） 米兔儿童电话手表2C女孩男孩学生手表手机通话GPS定位防水防丢,小米爆米花专卖店,//item.jd.com/54983940777.html,小米,54983940777
229.0,小米（MI） 小米,京迈数码旗舰店,//item.jd.com/50429002221.html,小米,50429002221
109.0,华为（HUAWEI） 荣耀智能,屹林宏业数码配件专营店,//item.jd.com/13343592147.html,荣耀,13343592147
379.0,华为,华为澳先专卖店,//item.jd.com/43271860332.html,华为,43271860332
1188.0,欧坦 【健康监护】血压房颤监测报警 智能手表老人血压手表智能,欧坦官方旗舰店,//item.jd.com/51899676209.html,欧坦,51899676209
398.0,华为（HUAWEI） 儿童电话手表3GPS定位拍照智能运动,中国移动物联网旗舰店,//item.jd.com/45549447082.html,华为,45549447082
7800.0,瑞德罗曼 4G智能手表男3+32G三网通WIFI上网800万像素防水运动,瑞德罗曼数码旗舰店,//item.jd.com/54822332423.html,瑞德罗曼,54822332423
398.0,博之轮（BOZLUN） 智能,高睿思钟表专营店,//item.jd.com/56336231418.html,博之轮,56336231418
799.0,dido R2运动,Dido智能设备京东自营旗舰店,//item.jd.com/100001956174.html,dido,100001956174
17.89,小米（MI）小米,圆讯优选旗舰店,//item.jd.com/29129227675.html,小米,29129227675
999.0,佳明（GARMIN）GPS智能运动,Garmin佳明京东自营旗舰店,//item.jd.com/6816149.html,佳明,6816149
348.0,小米（MI） 小寻儿童电话手表男孩女孩AI人工智能手表触摸屏拍照蓝牙腕带手机插卡7重定位学生运动,元朗智能专营店,//item.jd.com/26833007722.html,小寻,26833007722
499.0,ADZ 彩屏智能,ADZ旗舰店,//item.jd.com/53986410702.html,ADZ,53986410702
229.0,小米（MI）,圆讯优选旗舰店,//item.jd.com/50253265500.html,小米,50253265500
379.0,dido F5 智能,Dido智能设备京东自营旗舰店,//item.jd.com/100004692008.html,dido,100004692008
599.0,真匠 老人定位电话手表电信4g通话智能测血压心率老年成人痴呆防丢防走失gps定位跟踪器健康运动,真匠数码旗舰店,//item.jd.com/18439784576.html,真匠,18439784576
18888.0,华为（HUAWEI） 华为 智能手表,友信网络专营店,//item.jd.com/21878305925.html,华为,21878305925
568.0,邦克凡 智能,宠乐圈数码专营店,//item.jd.com/38692094013.html,邦克凡,38692094013
1399.0,库宾（KUBIN） 智能手表800万像素高清摄影拍照学生可插卡打电话成人4G上网男女计步心率健康,库宾旗舰店,//item.jd.com/48566938953.html,库宾,48566938953
149.0,纽曼（Newmine） 智能运动,纽曼智能京东自营旗舰店,//item.jd.com/4590832.html,Newmine,4590832
189.0,华为（HUAWEI） 荣耀,利特范旗舰店,//item.jd.com/55601751355.html,荣耀,55601751355
1388.0,【领券减100】华为智能手表Watch GT蓝牙无线心率监测智能穿戴计步器2周续航运动,屹林智能专营店,//item.jd.com/45170147489.html,华为,45170147489
9.9,小米3,大志数码专营店,//item.jd.com/29637262906.html,小米,29637262906
229.0,小米（MI） 小米,佳沪智能专营店,//item.jd.com/49868312770.html,小米,49868312770
1588.0,【咨询领券立减】华为手表WATCH GT智能运动手表男女成人睡眠心率监测游泳防水NFC支付,江滨仁合数码专营店,//item.jd.com/47364833070.html,华为,47364833070
229.0,小米（MI） 【现货秒发】小米,明猩智能旗舰店,//item.jd.com/28768456078.html,小米,28768456078
199.0,华为荣耀,华为沃德专营店,//item.jd.com/10388273102.html,荣耀,10388273102
599.0,希比希 【4g全网通视频通话】儿童电话手表小学生多功能智能手机,微盈亮数码专营店,//item.jd.com/52273899517.html,希比希,52273899517
398.0,青少年智能电话手表手机4g全网通可视频通话高初中学生通用小米华为苹果成人防水防摔多功能gps定位,拓珀达数码专营店,//item.jd.com/55954713571.html,华为,55954713571
1388.0,华为智能手表watch/gt游泳防水移动支付gps定位抖音同款多功能心率睡眠女士雅致款时尚蓝牙,梓豪数码专营店,//item.jd.com/51357730995.html,华为,51357730995
569.0,DMDG 智能,瑞可视京东专营店,//item.jd.com/41802772419.html,DMDG,41802772419
948.0,Fitbit charge3 运动智能手表 健身防水 游泳 自动锻炼识别 来电提醒 运动,Fitbit中恒信通专卖店,//item.jd.com/37457487920.html,Fitbit,37457487920
979.0,华米GTR智能运动手表2男女腕带防水,创趣智能数码专营店,//item.jd.com/44019431408.html,华米,44019431408
1388.0,华为WATCH /GT手表智能运动GPS定位游泳防水心率压力监测移动支付多功能时尚男女活力款商务,梓豪数码专营店,//item.jd.com/51064132773.html,华为,51064132773
3289.0,卡丝拉狄（cathyladi） 运动,卡丝拉狄数码旗舰店,//item.jd.com/53580572546.html,卡丝拉狄,53580572546
2088.0,普利邦（PULEEBUMG） 智能,普利邦数码旗舰店,//item.jd.com/41252365327.html,普利邦,41252365327
229.0,华为（HUAWEI） 新款荣耀4蓝牙运动,华为果珈专卖店,//item.jd.com/37342791201.html,荣耀,37342791201
599.0,华为（HUAWEI） 智能运动,智辰熙数码专营店,//item.jd.com/30537649841.html,华为,30537649841
1399.0,GOBE2 自动监测 饮食摄入 运动卡路里消耗 饮水 压力 睡眠监测 心率血压 追踪,仕博达官方旗舰店,//item.jd.com/12314513284.html,GOBE2,12314513284
299.0,AMAZFIT 月霜 智能,AMAZFIT京东自营官方旗舰店,//item.jd.com/1968013.html,AMAZFIT,1968013
299.0,小米（MI） AMAZFIT米动,元朗智能专营店,//item.jd.com/16954686474.html,AMAZFIT,16954686474
269.0,乐心 ziva ,乐心京东自营官方旗舰店,//item.jd.com/4155352.html,乐心,4155352
7800.0,瑞德罗曼 智能手表4G三网通电话插卡WiFi上网运动,瑞德罗曼数码旗舰店,//item.jd.com/45646396341.html,瑞德罗曼,45646396341
6800.0,瑞德罗曼 4G智能手表安卓7.1系统3+32G蓝牙通话心率监测多功能运动,瑞德罗曼数码旗舰店,//item.jd.com/46599033511.html,瑞德罗曼,46599033511
29.0,华为原装荣耀,屹林智能专营店,//item.jd.com/27026831696.html,荣耀,27026831696
498.0,fitup 【一键接打电话】监测血压/心率智能,fitup官方旗舰店,//item.jd.com/28571229225.html,fitup,28571229225
1288.0,华为（HUAWEI） 华为智能手表Watch GT蓝牙无线心率监测智能穿戴计步器续航运动,佳沪智能专营店,//item.jd.com/54612434843.html,华为,54612434843
108.0,华为（HUAWEI） 荣耀畅玩,金米数码专营店,//item.jd.com/12696224536.html,荣耀,12696224536
199.0,华为荣耀,酷联数码专营店,//item.jd.com/52816933470.html,荣耀,52816933470
169.0,小米（MI） 小米,辉腾致远旗舰店,//item.jd.com/30168337237.html,小米,30168337237
799.0,amazfit 华米智能运动手表2小米蓝牙电话手表安卓苹果男女腕带,创趣智能数码专营店,//item.jd.com/47978831188.html,小米,47978831188
398.0,全程通K11智能通话,全程通京东自营旗舰店,//item.jd.com/100007959258.html,全程通,100007959258
2780.0,瑞德罗曼 智能手表可插卡通话心率音乐多功能运功圆形运动,瑞德罗曼数码旗舰店,//item.jd.com/40477368036.html,瑞德罗曼,40477368036
129.0,华为原装,华为屹林专卖店,//item.jd.com/55080748817.html,华为,55080748817
599.0,斯泰克V5智能健康,斯泰克（STIGER）京东自营旗舰店,//item.jd.com/100004269111.html,斯泰克,100004269111
888.0,华为儿童手表电话3PRO 智能,千百回智能专营店,//item.jd.com/35325326038.html,华为,35325326038
109.0,华为（HUAWEI） 荣耀,彪牌手机配件专营店,//item.jd.com/24288485068.html,荣耀,24288485068
99.0,华为荣耀,酷联数码专营店,//item.jd.com/32586238822.html,荣耀,32586238822
1180.0,欧坦 老人智能定位电话4G全网通手表智能血压心率老年痴呆防走失跟踪器SOS报警,欧坦官方旗舰店,//item.jd.com/50571568087.html,欧坦,50571568087
1488.0,库宾（KUBIN） 智能手表高清前置镜头男女拍照学生计步运动,库宾旗舰店,//item.jd.com/51500527010.html,库宾,51500527010
899.0,华为（HUAWEI） 智能,金米数码专营店,//item.jd.com/11259767434.html,华为,11259767434
568.0,华为（HUAWEI） B5智能,立众数码专营店,//item.jd.com/33866278406.html,华为,33866278406
498.0,欧坦 老人定位手表电话GPS防走失,欧坦官方旗舰店,//item.jd.com/54090052014.html,欧坦,54090052014
399.0,NOERDEN 牛丁 智能手表 瑞士机芯 LIFE2微信运动时尚男女士腕表 防水计步电话提醒,NOERDEN牛丁京东自营旗舰店,//item.jd.com/100005174130.html,NOERDEN,100005174130
3688.0,希娜塔 智能电话手表实时监测血压血糖远程报警GPS定位防丢老人健康运动,希娜塔数码旗舰店,//item.jd.com/55707139002.html,希娜塔,55707139002
1186.0,华为（HUAWEI） B5,亿尚专营店,//item.jd.com/41219644647.html,华为,41219644647
296.0,小米（MI） 手表米家石英表情侣真皮运动智能手表男女学生手表计步器,京迈数码旗舰店,//item.jd.com/30399962937.html,小米,30399962937
398.0,学霸小天才 全网通4G儿童电话手表能视频通话智能防水插卡GPS定位拍照学生男女孩,铭凯智能设备专营店,//item.jd.com/25863639294.html,学霸小天才,25863639294
3299.0,普利邦（PULEEBUMG） 智能,普利邦智能设备旗舰店,//item.jd.com/46251924657.html,普利邦,46251924657
189.0,360 儿童电话手表SE3plus移动联通版智能通话GPS定位小学生防丢,屹林智能专营店,//item.jd.com/15237033871.html,360,15237033871
789.0,amazfit 新品华米GTR42mm智能运动手表小米,创趣智能数码专营店,//item.jd.com/53036488851.html,小米,53036488851
169.0,小米（MI） 小米,圆迈智能旗舰店,//item.jd.com/10885324715.html,小米,10885324715
699.0,华为（HUAWEI） 荣耀手表运动心率监测游泳防水智能,华为果珈专卖店,//item.jd.com/22781583332.html,荣耀,22781583332
413.0,华为（HUAWEI）智能,金米数码专营店,//item.jd.com/16997561094.html,华为,16997561094
1499.0,华为（HUAWEI） 华为B5运动智能,华为睦町专卖店,//item.jd.com/24211488173.html,华为,24211488173
189.0,华为【当天发货】荣耀,华为平天专卖店,//item.jd.com/53200925523.html,荣耀,53200925523
2299.0,普利邦（PULEEBUMG） 智能,普利邦智能设备旗舰店,//item.jd.com/46497729476.html,普利邦,46497729476
1099.0,佳明（GARMIN）GPS智能运动,佳明（GARMIN）智能京东自营旗舰店,//item.jd.com/100002177442.html,佳明,100002177442
1999.0,普利邦（PULEEBUMG） 智能血压,普利邦智能设备旗舰店,//item.jd.com/45271605877.html,普利邦,45271605877
999.0,华为（HUAWEI） B5智能,华为果珈专卖店,//item.jd.com/30150326668.html,华为,30150326668
298.0,【正品速发】4g全网通可视频通话儿童电话手表中小学生天才小米华为苹果智能防水防摔多功能gps定位,拓珀达数码专营店,//item.jd.com/55131298990.html,华为,55131298990
879.0,小米有品Amazfit华米智能手表GTS男女孩运动防水触屏NFC手表,圆讯优选旗舰店,//item.jd.com/55725192518.html,华米,55725192518
3888.0,华为（HUAWEI） 华为 智能手表,华为友信猫专营店,//item.jd.com/44159122086.html,华为,44159122086
119.0,【直营】华为荣耀,利特范旗舰店,//item.jd.com/55718836801.html,荣耀,55718836801
136.99,小米（MI） ,京迈数码旗舰店,//item.jd.com/10594387335.html,小米,10594387335
899.0,华为,盈诺智能设备专营店,//item.jd.com/52264852169.html,华为,52264852169
199.0,360 儿童电话手表SE5/SE3Plus智能通话GPS定位 小学生,屹林智能专营店,//item.jd.com/26881680584.html,360,26881680584
5998.0,卡丝拉狄（cathyladi） 智能手表测血压,卡丝拉狄数码旗舰店,//item.jd.com/48014639060.html,卡丝拉狄,48014639060
5687.0,卡丝拉狄（cathyladi） 智能手表wifi电话定位拍照4G高清大屏手机插卡通话运动,卡丝拉狄数码旗舰店,//item.jd.com/44578752712.html,卡丝拉狄,44578752712
68.0,BHO 小米,BHO旗舰店,//item.jd.com/32903512472.html,小米,32903512472
89.0,乐心MAMBO大麦 运动,乐心京东自营官方旗舰店,//item.jd.com/5063711.html,乐心,5063711
598.0,Fitbit Inspire HR 智能心率,Fitbit中恒信通专卖店,//item.jd.com/43771792175.html,Fitbit,43771792175
8.8,小米,大志数码专营店,//item.jd.com/17431182717.html,小米,17431182717
359.0,AMAZFIT  米动手表青春版华米GPS定位户外运动跑步健康多功能计步心率睡眠防水智能支付,黑石智能旗舰店,//item.jd.com/42270051702.html,华米,42270051702
239.0,纽曼（Newmine）蓝牙智能运动,纽曼智能京东自营旗舰店,//item.jd.com/7323627.html,Newmine,7323627
999.0,华为（HUAWEI） 华为智能,中国移动物联网旗舰店,//item.jd.com/45185093366.html,华为,45185093366
799.0,华为（HUAWEI） 荣耀Watch Magic智能手表男女运动,友信网络专营店,//item.jd.com/35470192855.html,荣耀,35470192855
379.0,【咨询立减】华为（HUAWEI）,华为臻联专营店,//item.jd.com/43546736966.html,华为,43546736966
239.0,荣耀 ,荣耀融兴专卖店,//item.jd.com/52730120164.html,荣耀,52730120164
899.0,华为,豫泊德仁数码专营店,//item.jd.com/33156427862.html,华为,33156427862
379.0,华为（HUAWEI） 运动,智辰熙数码专营店,//item.jd.com/43194551693.html,华为,43194551693
199.0,华为荣耀,梓豪数码专营店,//item.jd.com/34326969111.html,荣耀,34326969111
298.0,VOSSTR 智能,利和成智能手表专营店,//item.jd.com/36910554625.html,VOSSTR,36910554625
1989.0,卡丝拉狄（cathyladi） 智能,卡丝拉狄数码旗舰店,//item.jd.com/55123884720.html,卡丝拉狄,55123884720
219.0,【现货速发】华为荣耀,金达威数码专营店,//item.jd.com/53672411474.html,荣耀,53672411474
6888.0,橙朗 商务智能,物联达数码专营店,//item.jd.com/32279492544.html,橙朗,32279492544
139.0,小米（MI） 小米,瑞华精英数码专营店,//item.jd.com/1424211542.html,小米,1424211542
18.5,华为荣耀,梓豪数码专营店,//item.jd.com/29137371467.html,荣耀,29137371467
1288.0,华为（HUAWEI） 智能手表Watch GT运动手表3正品商务男多功能游泳防水,中国移动物联网旗舰店,//item.jd.com/46666706135.html,华为,46666706135
298.0,VOSSTR 智能通话,格力威数码专营店,//item.jd.com/32679605520.html,VOSSTR,32679605520
4688.0,瑞德罗曼 智能手表电话手表成人多功能运动,瑞德罗曼数码旗舰店,//item.jd.com/40971579786.html,瑞德罗曼,40971579786
59.0,全程通H5智能,全程通京东自营旗舰店,//item.jd.com/2257639.html,全程通,2257639
169.0,小米（MI） 【小米授权旗舰店】小米,岸越数码旗舰店,//item.jd.com/49945873215.html,小米,49945873215
17.9,华为（HUAWEI） 华为运动,进多数码专营店,//item.jd.com/27637698972.html,华为,27637698972
98.0,华为（HUAWEI） 华为B5智能新款,立众数码专营店,//item.jd.com/30498064019.html,华为,30498064019
299.0,全程通L8智能手表 户外运动手表,全程通京东自营旗舰店,//item.jd.com/100007696834.html,全程通,100007696834
3580.0,瑞德罗曼 智能,瑞德罗曼数码旗舰店,//item.jd.com/51197006922.html,瑞德罗曼,51197006922
219.0,dido 3D彩屏运动智能,dido旗舰店,//item.jd.com/41040407254.html,dido,41040407254
99.0,【数码节】华为荣耀,千百回智能专营店,//item.jd.com/13116214536.html,荣耀,13116214536
899.0,NOERDEN 牛丁 智能手表 瑞士机芯 MATE2运动防水男女腕表 计步,NOERDEN牛丁京东自营旗舰店,//item.jd.com/100005174136.html,NOERDEN,100005174136
699.0,华为（HUAWEI） 荣耀Watch Magic智能手表男女运动,华为友信猫专营店,//item.jd.com/44157814953.html,荣耀,44157814953
209.0,华为（HUAWEI） 【当天发货】 荣耀,疆界数码旗舰店,//item.jd.com/53033453369.html,荣耀,53033453369
99.0,Amazfit 时尚智能,AMAZFIT官方旗舰店,//item.jd.com/16841567141.html,Amazfit,16841567141
698.0,Fitbit Inspire 智能,fitbit京东自营官方旗舰店,//item.jd.com/100004110616.html,Fitbit,100004110616
39.0,华为（HUAWEI） 荣耀,华为晨美专卖店,//item.jd.com/24055204043.html,荣耀,24055204043
415.0,华为,千百回智能专营店,//item.jd.com/12693897089.html,华为,12693897089
1488.0,华为（HUAWEI） 智能手表WATCH GT活力款男女成人运动计步心率防水GPS定位NFC支付,京迈数码旗舰店,//item.jd.com/36835378805.html,华为,36835378805
728.0,欧坦 老人防走失定位,欧坦官方旗舰店,//item.jd.com/50550146893.html,欧坦,50550146893
35.0,华为（HUAWEI） 智能,华为沃德专营店,//item.jd.com/30427958022.html,华为,30427958022
2899.0,华为（HUAWEI）运动智能,菲奥娜数码专营店,//item.jd.com/13421030217.html,华为,13421030217
1199.0,【咨询领券】华为,江滨仁合数码专营店,//item.jd.com/35017719612.html,华为,35017719612
2520.0,普利邦（PULEEBUMG） 运动智能,普利邦数码旗舰店,//item.jd.com/47883443245.html,普利邦,47883443245
1199.0,华为（HUAWEI） 华为,华为友信猫专营店,//item.jd.com/44159152507.html,华为,44159152507
988.0,华为（HUAWEI） 儿童手表3pro智能4G全网通通话防水9重定位高清拍照学生男女通用电话,港讯智能专营店,//item.jd.com/34672816236.html,华为,34672816236
468.0,DMDG 运动,大白熊专营店,//item.jd.com/54790617682.html,DMDG,54790617682
899.0,【限时直降100】华为B5原装,华为屹林专卖店,//item.jd.com/51087951582.html,华为,51087951582
219.0,华为（HUAWEI） 华为运动,莫问数码专营店,//item.jd.com/40052134866.html,华为,40052134866
349.0,【咨询立减】华为（HUAWEI）,臻诺智能旗舰店,//item.jd.com/43525713369.html,华为,43525713369
542.99,小米（MI） 米兔儿童电话手表3代 女孩男孩智能通话4G手表手机GPS定位手表拍照,京迈数码旗舰店,//item.jd.com/10645802800.html,小米,10645802800
325.0,小米（MI） 米兔智能儿童电话手表2女孩男孩学生手表手机通话GPS定位防水防丢,小米爆米花专卖店,//item.jd.com/53801251568.html,小米,53801251568
379.0,华为,梓豪数码专营店,//item.jd.com/43179449976.html,华为,43179449976
288.0,DMDG 智能,大白熊专营店,//item.jd.com/33964964813.html,DMDG,33964964813
599.0,ADZ 蓝牙耳机健康智能,ADZ旗舰店,//item.jd.com/46178528263.html,ADZ,46178528263
799.0,NOERDEN 牛丁 时尚智能手表 瑞士机芯 MATE运动防水男女士腕表 电话提醒,NOERDEN官方旗舰店,//item.jd.com/27073309547.html,NOERDEN,27073309547
348.0,真匠 儿童电话手表小中学生智能,真匠数码旗舰店,//item.jd.com/18439801193.html,真匠,18439801193
1999.0,普利邦（PULEEBUMG） 智能,普利邦智能设备旗舰店,//item.jd.com/45415047358.html,普利邦,45415047358
1279.0,AMAZFIT 智能运动手表2S尊享版小米生态功能防水游泳GPS蓝牙音乐,黑石智能旗舰店,//item.jd.com/42666593054.html,小米,42666593054
19.9,小米（MI） 小米,圆迈智能旗舰店,//item.jd.com/51459291378.html,小米,51459291378
18.9,小米（MI） ,圆迈智能旗舰店,//item.jd.com/1595981293.html,小米,1595981293
177.0,小米（MI） 小米,圆迈智能旗舰店,//item.jd.com/28780560514.html,小米,28780560514
3299.0,普利邦（PULEEBUMG） 商务运动智能手表男血压心率监测智能,普利邦数码配件旗舰店,//item.jd.com/52817903756.html,普利邦,52817903756
329.0,dido P3多功能智能,dido旗舰店,//item.jd.com/51375232822.html,dido,51375232822
2725.0,普利邦（PULEEBUMG） 智能,普利邦智能设备旗舰店,//item.jd.com/56981708095.html,普利邦,56981708095
4779.0,橙朗 新款彩屏智能,物联达数码专营店,//item.jd.com/46011072812.html,橙朗,46011072812
99.0,华为荣耀畅玩,华为进多专卖店,//item.jd.com/51434379552.html,荣耀,51434379552
299.0,小米家有品小寻儿童AI智能电话手表T1男孩女孩防水wifi学生手机通话GPS定位防丢,圆迈智能旗舰店,//item.jd.com/15637730898.html,小寻,15637730898
368.0,DMDG 智能运动,瑞可视京东专营店,//item.jd.com/37326119039.html,DMDG,37326119039
1958.0,普利邦（PULEEBUMG） 智能,普利邦智能设备旗舰店,//item.jd.com/46178754180.html,普利邦,46178754180
1188.0,dido Z29智能4G电话手表 男女成人学生可插卡通话GPS定位运动,Dido智能设备京东自营旗舰店,//item.jd.com/100003497336.html,dido,100003497336
888.0,华为（HUAWEI） 儿童智能电话手表3pro三网插卡4G通话拍照男女学生小孩GPS定位安全保护,爱果数码专营店,//item.jd.com/36435288760.html,华为,36435288760
549.0,kido 360儿童电话手表电信版V5防水4G全网通男女孩学生定位智能手表拍照手机防丢触摸屏,奕格数码专营店,//item.jd.com/44775662617.html,360,44775662617
4288.0,希娜塔 彩屏心电图手表男女多功能运动智能,希娜塔数码旗舰店,//item.jd.com/55030472902.html,希娜塔,55030472902
1438.0,【直降100元】华为手表GT WATCHGT 户外运动手表心率睡眠检测NFC支付两周续航智能,华为中联智能专卖店,//item.jd.com/45768062436.html,华为,45768062436
488.0,希比希 【心率血压版】老人电话手表手机智能手表成人GPS定位手表,微盈亮数码专营店,//item.jd.com/31902371044.html,希比希,31902371044
1488.0,华为（HUAWEI） 新款WATCHGT智能手表持久续航移动nfc公交心率睡眠健康监测运动,莫菲特数码专营店,//item.jd.com/52316216011.html,华为,52316216011
3088.0,普利邦（PULEEBUMG） 智能,普利邦数码旗舰店,//item.jd.com/51361914222.html,普利邦,51361914222
1099.0,【咨询客服立减】华为荣耀手表WatchDream智能女性运动心率防水女士,港讯智能专营店,//item.jd.com/41256279457.html,荣耀,41256279457
1099.0,华为,华为丰弘专卖店,//item.jd.com/42779009399.html,华为,42779009399
319.0,华为（HUAWEI） B3青春版原装配件 智能运动,华为晨美专卖店,//item.jd.com/14355514425.html,华为,14355514425
55.0,华为（HUAWEI） 阿奇猫 华为B5,华为屹林专卖店,//item.jd.com/30494444496.html,华为,30494444496
1488.0,华为（HUAWEI） 新款WATCHGT智能手表持久续航移动nfc公交支付,华为果珈专卖店,//item.jd.com/36974808485.html,华为,36974808485
179.0,华为（HUAWEI） 荣耀,荣耀智能旗舰店,//item.jd.com/26012808664.html,荣耀,26012808664
129.0,华为（HUAWEI） 科技潮牌/荣耀,华为初之心专卖店,//item.jd.com/51539436164.html,荣耀,51539436164
4088.0,希娜塔 智能电话手表男4G全网通可插卡WIFFi心率监测多功能运动,希娜塔数码旗舰店,//item.jd.com/55333224526.html,希娜塔,55333224526
268.0,VOSSTR 【心率血压  测心电图】智能,沃仕途智能手表专营店,//item.jd.com/13439277475.html,VOSSTR,13439277475
1980.0,普利邦（PULEEBUMG） 智能,普利邦数码旗舰店,//item.jd.com/46497440124.html,普利邦,46497440124
195.0,华为荣耀,千百回智能专营店,//item.jd.com/35538999173.html,荣耀,35538999173
899.0,ADZ 健康智能,ADZ旗舰店,//item.jd.com/56292361401.html,ADZ,56292361401
129.0,华为（HUAWEI） 华为,华为平天专卖店,//item.jd.com/55497407966.html,华为,55497407966
129.0,华为（HUAWEI） ,华为臻联专营店,//item.jd.com/56167615615.html,华为,56167615615
4399.0,普利邦（PULEEBUMG） 智能,普利邦智能设备旗舰店,//item.jd.com/49412069342.html,普利邦,49412069342
215.0,华为（HUAWEI） 荣耀,彪牌手机配件专营店,//item.jd.com/53548876283.html,荣耀,53548876283
1019.0,Garmin 佳明vivosmart4/vivosport智能,GARMIN佳明旗舰店,//item.jd.com/32062922587.html,佳明,32062922587
749.0,华为荣耀智能手表Watch Magic 运动,浤兴数码专营店,//item.jd.com/52190864418.html,荣耀,52190864418
199.0,荣耀,荣耀京东自营旗舰店,//item.jd.com/7320003.html,荣耀,7320003
379.0,华为,华为卓瑞尔专卖店,//item.jd.com/43335888672.html,华为,43335888672
2390.0,普利邦（PULEEBUMG） 防水彩屏运动智能,普利邦数码旗舰店,//item.jd.com/47036670816.html,普利邦,47036670816
299.0,DMDG 体脂,瑞可视京东专营店,//item.jd.com/47099387018.html,DMDG,47099387018
459.0,小米（MI） 米兔儿童电话手表3C 双4G网络高清视频拍照AI英语学习机手机插卡双向通话多重定位,铭婵智能旗舰店,//item.jd.com/54044597558.html,小米,54044597558
269.0,amazfit 华米新品米动手表青春版Lite智能运动手表腕带防水运动,创趣智能数码专营店,//item.jd.com/49288216285.html,华米,49288216285
229.0,小米（MI） 小米,时代数码旗舰店,//item.jd.com/11281714445.html,小米,11281714445
19.0,荣耀,钰威数码专营店,//item.jd.com/50513230132.html,荣耀,50513230132
899.0,NOERDEN 牛丁 智能手表 瑞士机芯 MATE2运动防水男女腕表 计步,NOERDEN官方旗舰店,//item.jd.com/40431397581.html,NOERDEN,40431397581
699.0,爱多（IDALL） 健康智能,IDALL旗舰店,//item.jd.com/53562073494.html,爱多,53562073494
219.0,华为（HUAWEI） 荣耀,金达威数码专营店,//item.jd.com/53818039864.html,荣耀,53818039864
2088.0,普利邦（PULEEBUMG） 智能,普利邦数码旗舰店,//item.jd.com/41466701712.html,普利邦,41466701712
199.0,华为（HUAWEI） 荣耀,诺信达数码专营店,//item.jd.com/52621678461.html,荣耀,52621678461
399.0,华为（HUAWEI） 原装智能,屹林宏业数码配件专营店,//item.jd.com/48435290164.html,华为,48435290164
1988.0,瑞德罗曼 智能手表监测血压心率心电彩屏多功能运动,瑞德罗曼数码旗舰店,//item.jd.com/45818203035.html,瑞德罗曼,45818203035
3688.0,瑞德罗曼 智能,瑞德罗曼数码旗舰店,//item.jd.com/40971596182.html,瑞德罗曼,40971596182
3388.0,希娜塔 智能电话手表全网通4G全网通多功能运动防水心率监测运动,希娜塔数码旗舰店,//item.jd.com/55328012310.html,希娜塔,55328012310
508.0,Fitbit Inspire 智能,Fitbit中恒信通专卖店,//item.jd.com/43775161994.html,Fitbit,43775161994
2457.0,卡丝拉狄（cathyladi） 智能运动,卡丝拉狄数码旗舰店,//item.jd.com/43438961248.html,卡丝拉狄,43438961248
1699.0,华为（HUAWEI） B5商务智能健康,顶然数码专营店,//item.jd.com/53942085973.html,华为,53942085973
599.0,ADZ 智能,ADZ旗舰店,//item.jd.com/41383705865.html,ADZ,41383705865
169.0,AMAZFIT 月霜 智能,AMAZFIT钟表京东自营旗舰店,//item.jd.com/100003934004.html,AMAZFIT,100003934004
258.0,DMDG 【动态心电图】运动,瑞可视京东专营店,//item.jd.com/30655928234.html,DMDG,30655928234
109.0,华为,豫泊德仁数码专营店,//item.jd.com/38393599335.html,华为,38393599335
129.0,华为（HUAWEI） 华为,闪搜数码旗舰店,//item.jd.com/55097503745.html,华为,55097503745
348.0,真匠 老人电话手表健康测心率防丢防走失老年成人追踪器gps定位跟踪器男女智能定位,真匠数码旗舰店,//item.jd.com/18370508578.html,真匠,18370508578
399.0,【咨询领券立减】华为智能运动,江滨仁合数码专营店,//item.jd.com/47882732388.html,华为,47882732388
3999.0,普利邦（pulibang） 医疗智能,普利邦影音娱乐旗舰店,//item.jd.com/54765731972.html,普利邦,54765731972
299.0,送礼包 华为荣耀儿童电话手表 七重定位智能高清插卡通话360度多功能男孩女孩学生,荣耀进多专卖店,//item.jd.com/54924732079.html,360,54924732079
1388.0,华为（HUAWEI） 【新品】华为智能手表WATCH GT 两周续航 户外运动,浤兴数码专营店,//item.jd.com/52199450468.html,华为,52199450468
1488.0,华为（HUAWEI） 华为智能手表WATCH1运动手表,金米数码专营店,//item.jd.com/10266744622.html,华为,10266744622
119.0,小米（MI） 小米,圆迈智能旗舰店,//item.jd.com/10392128697.html,小米,10392128697
299.0,AMAZFIT 米动,AMAZFIT京东自营官方旗舰店,//item.jd.com/100002712110.html,AMAZFIT,100002712110
299.0,DMDG 运动智能,瑞可视京东专营店,//item.jd.com/50501817398.html,DMDG,50501817398
168.0,VOSSTR 心率血压血氧智能,沃仕途智能手表专营店,//item.jd.com/11158944501.html,VOSSTR,11158944501
3268.0,瑞德罗曼 带摄像头的迷你录音笔 高清录像机,瑞德罗曼智能设备旗舰店,//item.jd.com/52340868962.html,瑞德罗曼,52340868962
699.0,博之轮（BOZLUN） 智能,博之轮钟表专营店,//item.jd.com/41605821766.html,博之轮,41605821766
219.0,全程通GT103智能运动手表全触摸彩屏,全程通京东自营旗舰店,//item.jd.com/100004245732.html,全程通,100004245732
119.0,华为（HUAWEI） 科技潮牌/荣耀,华为初之心专卖店,//item.jd.com/55707694717.html,荣耀,55707694717
368.0,fitup 心电图健康监测智能,fitup官方旗舰店,//item.jd.com/52573770982.html,fitup,52573770982
398.0,华为（HUAWEI） 华为儿童电话手表3 七重定位智能高清插卡通话多功能男孩女孩小孩拍照学生,誉满天下数码专营店,//item.jd.com/52198456873.html,华为,52198456873
1399.0,【领券直降】华为,浤兴数码专营店,//item.jd.com/52661559068.html,华为,52661559068
999.0,NOERDEN 牛丁 时尚智能手表 瑞士机芯 MATE+运动防水男女腕表 蓝宝石镜面电话提醒,NOERDEN官方旗舰店,//item.jd.com/33293935908.html,NOERDEN,33293935908
1889.0,卡丝拉狄（cathyladi） 智能手表彩屏运动,卡丝拉狄数码旗舰店,//item.jd.com/44112852344.html,卡丝拉狄,44112852344
2800.0,瑞德罗曼 智能,瑞德罗曼智能设备旗舰店,//item.jd.com/46075951816.html,瑞德罗曼,46075951816
2698.0,特兰恩（Tralean） 【源】 智能电话手表wifi上网成人学生多功能防水插卡通话,曼朗数码专营店,//item.jd.com/35237157643.html,特兰恩,35237157643
899.0,【领券直降100】华为,悟虎数码专营店,//item.jd.com/30646249139.html,华为,30646249139
899.0,华米智能手表GTS 小米运动手表男女防水触屏NFC手表,明猩智能旗舰店,//item.jd.com/55990385375.html,小米,55990385375
999.0,华为（HUAWEI） 智能,金达威数码专营店,//item.jd.com/32043490382.html,华为,32043490382
1649.0,普利邦（PULEEBUMG） 蓝牙智能,普利邦数码旗舰店,//item.jd.com/41682661959.html,普利邦,41682661959
298.0,VOSSTR 女性镶钻健康智能,沃仕途数码专营店,//item.jd.com/40714611542.html,VOSSTR,40714611542
2680.0,橙朗 智能,物联达数码专营店,//item.jd.com/26017346449.html,橙朗,26017346449
198.0,博之轮（BOZLUN） 智能,博之轮钟表专营店,//item.jd.com/43634027820.html,博之轮,43634027820
168.0,VOSSTR 智能,沃仕途智能手表专营店,//item.jd.com/29967951273.html,VOSSTR,29967951273
2788.0,普利邦（PULEEBUMG） 可通话智能,普利邦数码配件旗舰店,//item.jd.com/46465407126.html,普利邦,46465407126
229.0,小米（MI） 小米,弘祥智能旗舰店,//item.jd.com/29269528144.html,小米,29269528144
399.0,dido R1智能运动,dido旗舰店,//item.jd.com/32111260451.html,dido,32111260451
2899.0,普利邦（PULEEBUMG） 智能,普利邦智能设备旗舰店,//item.jd.com/46045221220.html,普利邦,46045221220
2888.0,普利邦（PULEEBUMG） 智能,普利邦数码配件旗舰店,//item.jd.com/45641102244.html,普利邦,45641102244
2888.0,普利邦（PULEEBUMG） 智能,普利邦数码旗舰店,//item.jd.com/53380802428.html,普利邦,53380802428
2880.0,普利邦（pulibang） 智能,普利邦影音娱乐旗舰店,//item.jd.com/46298936955.html,普利邦,46298936955
519.0,小米（MI） 米兔儿童电话手表3代4G版 智能手表男孩女孩蓝牙拍照手机插卡内置小爱同学学生运动,元朗智能专营店,//item.jd.com/32505890284.html,小米,32505890284
2592.0,瑞德罗曼 智能,瑞德罗曼数码旗舰店,//item.jd.com/40971590878.html,瑞德罗曼,40971590878
399.0,VOSSTR 智能,沃仕途智能手表专营店,//item.jd.com/22374134632.html,VOSSTR,22374134632
3299.0,普利邦（PULEEBUMG） 多功能智能手表男计步器测血压心率,普利邦数码配件旗舰店,//item.jd.com/50091503914.html,普利邦,50091503914
2520.0,瑞德罗曼 多功能大彩屏智能,瑞德罗曼数码旗舰店,//item.jd.com/51450426715.html,瑞德罗曼,51450426715
298.0,VOSSTR 智能,沃仕途智能手表专营店,//item.jd.com/36869660723.html,VOSSTR,36869660723
338.0,华为（HUAWEI） 荣耀,诺信达数码专营店,//item.jd.com/52893836561.html,荣耀,52893836561
119.0,华为荣耀,酷联数码专营店,//item.jd.com/55776373974.html,荣耀,55776373974
199.0,360 儿童电话手表SE3/SE2Plus小学生智能生活防水gps手机多功能男女孩初中生运动,瑞达鼎峰数码专营店,//item.jd.com/11382760198.html,360,11382760198
128.0,DMDG 3代智能,大白熊专营店,//item.jd.com/31315309082.html,DMDG,31315309082
349.0,小寻 小米Mibro中小学生天才儿童电话手机学习手表X1视频移动联通双4G智能插卡GPS定位男女,头号卖家智能生活旗舰店,//item.jd.com/51354478594.html,小米,51354478594
2688.0,普利邦（PULEEBUMG） 智能,普利邦数码配件旗舰店,//item.jd.com/47848355094.html,普利邦,47848355094
2849.0,卡丝拉狄（cathyladi） 智能电话手表可插卡蓝牙运动圆屏学生手机多功能,卡丝拉狄数码旗舰店,//item.jd.com/53574506161.html,卡丝拉狄,53574506161
239.0,纽曼（Newmine） 运动智能,一傲数码专营店,//item.jd.com/56175224498.html,Newmine,56175224498
2400.0,普利邦（PULEEBUMG） 彩屏智能,普利邦数码旗舰店,//item.jd.com/49859880693.html,普利邦,49859880693
2588.0,普利邦（pulibang） 智能,普利邦影音娱乐旗舰店,//item.jd.com/48998219004.html,普利邦,48998219004
2580.0,普利邦（pulibang） 智能,普利邦影音娱乐旗舰店,//item.jd.com/54703973559.html,普利邦,54703973559
388.0,小米（MI） 华米AMAZFIT米动手表青春版Lite 智能运动手表男女腕带防水计步测心率,邑喧影音娱乐专营店,//item.jd.com/54028187218.html,AMAZFIT,54028187218
129.0,华为（HUAWEI） 运动,华为丰弘专卖店,//item.jd.com/55247710909.html,华为,55247710909
599.0,华为（HUAWEI） 智能运动,莫菲特数码专营店,//item.jd.com/37689409328.html,华为,37689409328
699.0,amazfit AMAZFIT华米智能运动手表2男女腕带防水,弘祥智能旗舰店,//item.jd.com/36839038762.html,华米,36839038762
178.0,DMDG 智能,瑞可视京东专营店,//item.jd.com/35859301483.html,DMDG,35859301483
1299.0,ADZ 多功能智能运动,ADZ旗舰店,//item.jd.com/47843420304.html,ADZ,47843420304
1780.0,佳明（GARMIN） 智能手表 vivomoveHR 运动,佳明GARMIN数码旗舰店,//item.jd.com/43277971883.html,佳明,43277971883
1199.0,华为（HUAWEI） 华为,华为捷赫专营店,//item.jd.com/38029262944.html,华为,38029262944
499.0,ADZ 智能血压,ADZ旗舰店,//item.jd.com/57296916746.html,ADZ,57296916746
1088.0,华为（HUAWEI） HUAWEI WATCH华为智能手表星月系列成人智能穿戴男女运动,立众数码专营店,//item.jd.com/10753366585.html,华为,10753366585
379.0,【限时直降40】华为 ,盈诺智能设备专营店,//item.jd.com/52260589945.html,华为,52260589945
2580.0,瑞德罗曼 腕表式蓝牙耳机AI智能语音,瑞德罗曼数码旗舰店,//item.jd.com/53366732773.html,瑞德罗曼,53366732773
2888.0,普利邦（PULEEBUMG） 智能,普利邦数码配件旗舰店,//item.jd.com/53901056453.html,普利邦,53901056453
2588.0,普利邦（PULEEBUMG） 新款智能,普利邦数码配件旗舰店,//item.jd.com/45618997677.html,普利邦,45618997677
435.0,【直降】华为智能运动,浤兴数码专营店,//item.jd.com/52664562149.html,华为,52664562149
2388.0,普利邦（PULEEBUMG） 智能,普利邦数码旗舰店,//item.jd.com/44075413489.html,普利邦,44075413489
218.0,VOSSTR 智能,利和成智能手表专营店,//item.jd.com/39882050849.html,VOSSTR,39882050849
2099.0,华为荣耀运动智能手表WATCH Magic魔法系列压力心率睡眠监测GPS定位防水NFC支付男女士,菲奥娜数码专营店,//item.jd.com/42956077916.html,荣耀,42956077916
799.0,dido G23血压智能,dido智能设备官方旗舰店,//item.jd.com/43827078328.html,dido,43827078328
398.0,DMDG 智能运动,瑞可视京东专营店,//item.jd.com/35145993927.html,DMDG,35145993927
499.0,ADZ 血压智能,ADZ旗舰店,//item.jd.com/40866252669.html,ADZ,40866252669
349.0,华为（HUAWEI） 3pro智能运动,丰弘数码专营店,//item.jd.com/53616394760.html,华为,53616394760
499.0,ADZ 彩屏智能,ADZ旗舰店,//item.jd.com/51319496896.html,ADZ,51319496896
2799.0,普利邦（PULEEBUMG） 智能,普利邦智能设备旗舰店,//item.jd.com/47045142953.html,普利邦,47045142953
2999.0,普利邦（PULEEBUMG） 智能,普利邦数码旗舰店,//item.jd.com/41053616448.html,普利邦,41053616448
99.0,全颂 智能,全颂官方旗舰店,//item.jd.com/33726379624.html,全颂,33726379624
97.9,华为荣耀,华融数码专营店,//item.jd.com/56537627648.html,荣耀,56537627648
99.0,华为（HUAWEI） 荣耀,誉满天下数码专营店,//item.jd.com/35528842720.html,荣耀,35528842720
49.0,乐心（HIIN）智能,HIIN乐心旗舰店,//item.jd.com/10543168216.html,乐心,10543168216
99.0,翰诺思（HEANTTV） 适用于小米,天聚数码专营店,//item.jd.com/21458779261.html,小米,21458779261
49.0,炫戴（XUANDAI） 适用小米,腾飞哥特数码专营店,//item.jd.com/44720960330.html,小米,44720960330
49.0,华为（HUAWEI） 2018新款华为B5金属不锈钢硅胶智能,华为盈诺专营店,//item.jd.com/27865452057.html,华为,27865452057
19.5,婉魅 华为荣耀,萌尚数码专营店,//item.jd.com/42401158557.html,荣耀,42401158557
25.0,华为,梓豪数码专营店,//item.jd.com/45618879640.html,华为,45618879640
48.0,米布斯（mijobs） 适用小米,米布斯智能设备旗舰店,//item.jd.com/55150994088.html,小米,55150994088
49.9,魅英（MEIYING） 适用于华为荣耀S1手表表带华为b5,魅英旗舰店,//item.jd.com/47912456529.html,华为,47912456529
90.0,全颂 智能手表腕带蓝牙防丢失学生跑步遥控拍照计步运动,全颂官方旗舰店,//item.jd.com/39851298213.html,全颂,39851298213
699.0,AMAZFIT 智能手表青春版华米GPS定位户外运动跑步多功能计步器心率睡眠防水支付,京彩智能数码专营店,//item.jd.com/55731574604.html,华米,55731574604
9.9,小米,大志数码专营店,//item.jd.com/12538297215.html,小米,12538297215
12.8,炫戴（XUANDAI） 适用小米,腾飞哥特数码专营店,//item.jd.com/36432169915.html,小米,36432169915
79.0,华为（HUAWEI） 智能,爱果数码专营店,//item.jd.com/36867873163.html,华为,36867873163
79.0,乐心（HIIN） 智能,金久晖手表专营店,//item.jd.com/26219431014.html,乐心,26219431014
89.0,炫戴（XUANDAI） 适用小米,腾飞哥特数码专营店,//item.jd.com/36457601474.html,小米,36457601474
79.0,华为（HUAWEI） 智能,顶然数码专营店,//item.jd.com/53910707325.html,华为,53910707325
79.0,全程通W3彩屏智能,全程通京东自营旗舰店,//item.jd.com/6685185.html,全程通,6685185
79.0,乐心（HIIN）智能,HIIN乐心旗舰店,//item.jd.com/26223686084.html,乐心,26223686084
26.0,华为（HUAWEI） 荣耀,佳恒天成数码专营店,//item.jd.com/26667554692.html,荣耀,26667554692
39.0,米布斯（mijobs） Fitbit flex 2 智能,米布斯智能设备旗舰店,//item.jd.com/13186658863.html,Fitbit,13186658863
39.0,米布斯（mijobs） 适用小米,米布斯智能设备旗舰店,//item.jd.com/23318687450.html,小米,23318687450
39.0,VOSSTR 智能,沃仕途数码专营店,//item.jd.com/29272198148.html,VOSSTR,29272198148
39.0,爱尼卡孚（Anycover） 荣耀4运动版荣耀5篮球版智能,爱尼卡孚旗舰店,//item.jd.com/57055058678.html,荣耀,57055058678
39.0,米布斯（mijobs） 适用荣耀,米布斯智能设备旗舰店,//item.jd.com/53839897128.html,荣耀,53839897128
39.0,VOSSTR ,利和成智能手表专营店,//item.jd.com/51251686617.html,VOSSTR,51251686617
69.0,华为（HUAWEI） 华为智能,浤兴数码专营店,//item.jd.com/53144002641.html,华为,53144002641
68.0,霹雳先锋 适用于乐心,锋芒时代数码专营店,//item.jd.com/10378414293.html,乐心,10378414293
68.0,米布斯（mijobs） 适用NFC版小米,米布斯智能设备旗舰店,//item.jd.com/33536499702.html,小米,33536499702
68.0,炫戴（XUANDAI）适用华为B5,腾飞哥特数码专营店,//item.jd.com/45359757491.html,华为,45359757491
22.0,翰诺思（HEANTTV） 翰诺思 乐心,天聚数码专营店,//item.jd.com/26731841770.html,乐心,26731841770
15.8,小米,大志数码专营店,//item.jd.com/24884438496.html,小米,24884438496
16.9,荣耀,宾视数码专营店,//item.jd.com/37696841596.html,荣耀,37696841596
19.0,霹雳先锋 小米,锋芒时代数码专营店,//item.jd.com/11598626695.html,小米,11598626695
469.0,AMAZFIT 米动手表青春版华米户外运动跑步健康多功能计步心率防水智能支付,京彩智能数码专营店,//item.jd.com/57213351604.html,华米,57213351604
5.99,bejoy 适用于小米,剑亭数码专营店,//item.jd.com/54555090711.html,小米,54555090711
25.9,魅英（MEIYING） 适用于华为b3 b5智能,魅英旗舰店,//item.jd.com/49323585795.html,华为,49323585795
10.0,爱多（IDALL） 智能,IDALL旗舰店,//item.jd.com/41423852422.html,爱多,41423852422
11.3,适用小米,华缘数码专营店,//item.jd.com/51351655516.html,小米,51351655516
29.9,炫戴（XUANDAI） 适用小米,腾飞哥特数码专营店,//item.jd.com/39255766956.html,小米,39255766956
59.0,米布斯 适用华为荣耀,大志数码专营店,//item.jd.com/48193748017.html,荣耀,48193748017
19.9,小米,大志数码专营店,//item.jd.com/43937961520.html,小米,43937961520
28.0,适用小米,大志数码专营店,//item.jd.com/54180452133.html,小米,54180452133
28.0,翰诺思 适用于小米,华卓数码专营店,//item.jd.com/15662494629.html,小米,15662494629
28.0,炫戴（XUANDAI） 适用华为荣耀,腾飞哥特数码专营店,//item.jd.com/43847923767.html,荣耀,43847923767
56.0,米布斯（mijobs） 适用小米,米布斯智能设备旗舰店,//item.jd.com/50997837785.html,小米,50997837785
55.0,文明 米布斯（mijobs） 适用于小米,大志数码专营店,//item.jd.com/32411868629.html,小米,32411868629
18.0,炫戴（XUANDAI） AMAZFIT米动,腾飞哥特数码专营店,//item.jd.com/44723626922.html,AMAZFIT,44723626922
20.0,米布斯（mijobs） 适用小米,大志数码专营店,//item.jd.com/32411969274.html,小米,32411969274
48.8,智能运动男女蓝牙手表血压监测心率心脏跑步计步器健康多功能电子表情侣华为安卓苹果,华缘数码专营店,//item.jd.com/55628724905.html,华为,55628724905
18.8,炫戴（XUANDAI） 适用小米,腾飞哥特数码专营店,//item.jd.com/36456012698.html,小米,36456012698
21.0,小米,慧华智能设备专营店,//item.jd.com/53485731426.html,小米,53485731426
2199.0,康普奇（Compucci） 智能,康普奇旗舰店,//item.jd.com/54294930825.html,康普奇,54294930825
8.9,小米,乐瑞丰旗舰店,//item.jd.com/55607632490.html,小米,55607632490
25.0,炫戴（XUANDAI） 适用荣耀4Running版华为3E,腾飞哥特数码专营店,//item.jd.com/52783007711.html,华为,52783007711
219.0,小米（MI） 小米,冠翔数码专营店,//item.jd.com/57241941400.html,小米,57241941400
1399.0,康普奇（Compucci） 智能手表健康,康普奇旗舰店,//item.jd.com/55637399151.html,康普奇,55637399151
25.0,适用于小米,民瑞数码专营店,//item.jd.com/35531115667.html,小米,35531115667
25.0,炫戴（XUANDAI）适用荣耀,腾飞哥特数码专营店,//item.jd.com/35826583346.html,荣耀,35826583346
45.0,小米,大志数码专营店,//item.jd.com/43551231609.html,小米,43551231609
38.48,华为荣耀,万鑫鼎运动户外专营店,//item.jd.com/54585300910.html,荣耀,54585300910
17.3,适用乐心,华缘数码专营店,//item.jd.com/55565676770.html,乐心,55565676770
39.0,米布斯（mijobs） 适用小米,米布斯智能设备旗舰店,//item.jd.com/10120413120.html,小米,10120413120
44.0,F.L 适用华为荣耀3,锦昊数码专营店,//item.jd.com/34744789202.html,荣耀,34744789202
33.83,nfc 小米,优聚运动户外专营店,//item.jd.com/42549968997.html,小米,42549968997
499.0,AMAZFIT 米动健康,喧霆影音娱乐专营店,//item.jd.com/57005871580.html,AMAZFIT,57005871580
40.0,小米,大志数码专营店,//item.jd.com/54180636506.html,小米,54180636506
1388.0,普利邦（pulibang） 女士智能,普利邦影音娱乐旗舰店,//item.jd.com/57227869265.html,普利邦,57227869265
19.9,VOSSTR 智能,沃仕途智能手表专营店,//item.jd.com/11125765685.html,VOSSTR,11125765685
39.0,华为（HUAWEI） 荣耀,佳恒天成数码专营店,//item.jd.com/22620099290.html,荣耀,22620099290
39.0,VOSSTR 智能,沃仕途数码专营店,//item.jd.com/10560034278.html,VOSSTR,10560034278
19.9,爱尼卡孚（Anycover） 荣耀,爱尼卡孚旗舰店,//item.jd.com/36143633528.html,荣耀,36143633528
39.0,华为（HUAWEI） 华为智能,浤兴数码专营店,//item.jd.com/53150939759.html,华为,53150939759
388.0,AMAZFIT 华米米动手表青春版lite智能运动,喧霆影音娱乐专营店,//item.jd.com/57005891556.html,华米,57005891556
19.9,魅英（MEIYING）适用荣耀,魅英旗舰店,//item.jd.com/48095160041.html,荣耀,48095160041
16.8,飞花令（FHL） 小米,飞花令旗舰店,//item.jd.com/28386204117.html,小米,28386204117
4.7,适用小米,华缘数码专营店,//item.jd.com/55565690569.html,小米,55565690569
16.9,魅英（MEIYING） 适用于小米,魅英旗舰店,//item.jd.com/47828018757.html,小米,47828018757
109.0,华为,华为京东自营官方旗舰店,//item.jd.com/100007651996.html,华为,100007651996
359.0,AMAZFIT 华米米动,京彩智能数码专营店,//item.jd.com/57235538735.html,华米,57235538735
32.0,小米（MI） 小米小寻儿童电话手表S1/A2男孩女孩学生智能wifi手机通话GPS定位防丢防水,圆迈智能旗舰店,//item.jd.com/18904773697.html,小寻,18904773697
30.0,爱多（IDALL） 爱多智能,IDALL旗舰店,//item.jd.com/35166185855.html,爱多,35166185855
2880.0,佳明（GARMIN） 智能手表Active 运动,佳明GARMIN数码旗舰店,//item.jd.com/56600786505.html,佳明,56600786505
15.9,魅英（MEIYING） 适用于华为3E/4E,魅英旗舰店,//item.jd.com/56620848461.html,华为,56620848461
68.0,适用于华为荣耀,陌妃腕表拼购专营店,//item.jd.com/49255459498.html,荣耀,49255459498
24.9,乐心,华缘数码专营店,//item.jd.com/51351699041.html,乐心,51351699041
29.0,华为（HUAWEI） 华为3pro智能运动,顶然数码专营店,//item.jd.com/54158929709.html,华为,54158929709
29.0,炫戴（XUANDAI） 适用小米,腾飞哥特数码专营店,//item.jd.com/36423756836.html,小米,36423756836
29.9,爱多（IDALL） 爱多智能,IDALL旗舰店,//item.jd.com/36771606127.html,爱多,36771606127
29.9,魅英（MEIYING） 适用华为b3b5,魅英旗舰店,//item.jd.com/47871890893.html,华为,47871890893
29.9,爱多（IDALL） 爱多智能,棉花田数码专营店,//item.jd.com/33575288266.html,爱多,33575288266
29.0,F.L Fitbit Flex charge HR Force ,锦昊电子专营店,//item.jd.com/1541025601.html,Fitbit,1541025601
29.9,炫戴（XUANDAI） 乐心,腾飞哥特数码专营店,//item.jd.com/34196109273.html,乐心,34196109273
29.0,VOSSTR智能,格力威数码专营店,//item.jd.com/12581454085.html,VOSSTR,12581454085
27.9,华为B3 青春版,进多数码专营店,//item.jd.com/28592209107.html,华为,28592209107
27.9,华为B3 青春版,宾视数码专营店,//item.jd.com/28591932459.html,华为,28591932459
16.1,（CHKEPZ） 适用乐心,华缘数码专营店,//item.jd.com/51069303636.html,乐心,51069303636
25.0,炫戴（XUANDAI） 小米,腾飞哥特数码专营店,//item.jd.com/52677843029.html,小米,52677843029
458.0,小米（MI） 米兔儿童电话手表Q男孩女孩蓝牙智能手表手机插卡5重定位学生运动,骐子达数码配件专营店,//item.jd.com/56478446064.html,小米,56478446064
20.35,适用华为荣耀,罗风运动户外专营店,//item.jd.com/53925232832.html,荣耀,53925232832
19.9,魅英（MEIYING） 适用于荣耀,魅英旗舰店,//item.jd.com/47751940375.html,荣耀,47751940375
19.0,广仁德 【亲肤材质】适用小米,玺忠乐数码专营店,//item.jd.com/28949277357.html,小米,28949277357
9.83,Leoisilence 小米,易成数码专营店,//item.jd.com/28512486627.html,小米,28512486627
19.9,魅英（MEIYING） 适用于华为智能运动,魅英旗舰店,//item.jd.com/52812151400.html,华为,52812151400
19.9,魔锥（MODRILL） 小米,元朗智能专营店,//item.jd.com/37284080887.html,小米,37284080887
19.0,翰诺思 适用于小米,华卓数码专营店,//item.jd.com/10882745074.html,小米,10882745074
18.0,华为B5智能,泰阿数码专营店,//item.jd.com/49732133907.html,华为,49732133907
18.8,翰诺思（HEANTTV）适用小米,天聚数码专营店,//item.jd.com/25914935241.html,小米,25914935241
12.4,小米,华缘数码专营店,//item.jd.com/51351672055.html,小米,51351672055
16.8,Uososo 适用小米,Uososo旗舰店,//item.jd.com/57082223857.html,小米,57082223857
11.0,小米,华缘数码专营店,//item.jd.com/45465726516.html,小米,45465726516
15.0,小米,大志数码专营店,//item.jd.com/17801593085.html,小米,17801593085
15.6,适用荣耀,剑亭数码专营店,//item.jd.com/54492546005.html,荣耀,54492546005
8.4,适用小米,华缘数码专营店,//item.jd.com/55503535260.html,小米,55503535260
15.0,炫戴（XUANDAI） 新款小米,腾飞哥特数码专营店,//item.jd.com/52689155981.html,小米,52689155981
9.9,鑫喆 华为B5,鑫喆旗舰店,//item.jd.com/43663925158.html,华为,43663925158
5.9,Leoisilence 小米,易成数码专营店,//item.jd.com/53362743156.html,小米,53362743156
6.8,炫戴（XUANDAI） 适用小米,腾飞哥特数码专营店,//item.jd.com/54769491711.html,小米,54769491711
6.8,霹雳先锋 小米,锋芒时代数码专营店,//item.jd.com/36775891950.html,小米,36775891950
12.8,小米（MI） ,圆迈智能旗舰店,//item.jd.com/30721940399.html,小米,30721940399
199.0,DMDG 智能,瑞可视京东专营店,//item.jd.com/40093076697.html,DMDG,40093076697
399.0,360 儿童电话手表7C巴迪龙智能语音拍照版触屏手机GPS定位打电话小学生男孩女孩插卡,云末数码专营店,//item.jd.com/17925672611.html,360,17925672611
3588.0,特兰恩（Tralean） 健康智能,曼朗数码专营店,//item.jd.com/42302796907.html,特兰恩,42302796907
450.0,佳明官网garmin跑步手表松路智能同款三达女士彩屏智能,女真文运动专营店,//item.jd.com/56319448134.html,佳明,56319448134
1529.0,普利邦（PULEEBUMG） 智能,普利邦数码旗舰店,//item.jd.com/53696306071.html,普利邦,53696306071
368.0,DMDG 智能运动,大白熊专营店,//item.jd.com/40279510446.html,DMDG,40279510446
2580.0,普利邦（PULEEBUMG） 智能,普利邦数码旗舰店,//item.jd.com/54557665391.html,普利邦,54557665391
1488.0,华为（HUAWEI） 华为手表 WATCH GT智能手表,华为祥朗专营店,//item.jd.com/39560979828.html,华为,39560979828
109.0,华为（HUAWEI） ,友信网络专营店,//item.jd.com/38491761974.html,华为,38491761974
2085.0,康普奇（Compucci） 智能,康普奇数码旗舰店,//item.jd.com/53966248180.html,康普奇,53966248180
45.0,三星华为华米小米米家石英通用20mm尼龙表带amazfit青春版手表,零零七数码专营店,//item.jd.com/54621186523.html,amazfit,54621186523
1099.0,荣耀（HONOR） 荣耀手表Magic/Dream智能watch运动男士腕表,华微数码专营店,//item.jd.com/44712840677.html,荣耀,44712840677
199.0,华为（HUAWEI） 华为,智辰熙数码专营店,//item.jd.com/43766895846.html,华为,43766895846
25.0,炫戴（XUANDAI） 新款小米,腾飞哥特数码专营店,//item.jd.com/52701897728.html,小米,52701897728
299.0,amazfit 华米米动健康,创趣智能数码专营店,//item.jd.com/14468936516.html,华米,14468936516
279.0,360 儿童电话手表SE3plus巴迪龙拍照触屏全彩智能GPS定位小学生防丢防水,云末数码专营店,//item.jd.com/26914262597.html,360,26914262597
319.0,小寻 移动4G儿童电话手表F1 360度GPS定位 小猪佩奇 智能手表,新蓝点数码专营店,//item.jd.com/40872097831.html,360,40872097831
149.0,华为（HUAWEI） 荣耀畅玩,智辰熙数码专营店,//item.jd.com/43702245065.html,荣耀,43702245065
379.0,华为（HUAWEI） 华为,诺信达数码专营店,//item.jd.com/53682268087.html,华为,53682268087
56.0,【京东品质保障】小米生态手表女学生简约气质ins风 韩版男士潮流女士时尚细带小巧女生女表 防水少女粉,先乐运动专营店,//item.jd.com/56306999554.html,小米,56306999554
343.0,华为通用B5智能,万玺隆运动户外专营店,//item.jd.com/35751104130.html,华为,35751104130
499.0,AMAZFIT Amazfit米动健康,京彩智能数码专营店,//item.jd.com/57240506854.html,Amazfit,57240506854
1649.0,普利邦（pulibang） 智能,普利邦影音娱乐旗舰店,//item.jd.com/46192825293.html,普利邦,46192825293
229.0,乐心（HIIN）智能,HIIN乐心旗舰店,//item.jd.com/32859377135.html,乐心,32859377135
999.0,AMAZFIT 华米智能运动手表2 50米游泳防水 户外GPS定位跑步游泳运动健康男女支付,安徽声谷智能设备专营店,//item.jd.com/57169758666.html,华米,57169758666
499.0,小米（MI） Amazfit 米动健康,邑喧影音娱乐专营店,//item.jd.com/55487543591.html,Amazfit,55487543591
279.0,小米（MI） 小米家有品小寻儿童电话手表S2男孩女孩生活防水GPS定位学生定位智能,圆迈智能旗舰店,//item.jd.com/30386596917.html,小寻,30386596917
26.0,华为（HUAWEI） 华为荣耀原装,佳恒天成数码专营店,//item.jd.com/11679861777.html,荣耀,11679861777
168.0,炫戴（XUANDAI） 适用华为B5,腾飞哥特数码专营店,//item.jd.com/47433442815.html,华为,47433442815
589.0,小米（MI） 米兔儿童电话手表3代 男孩女孩智能通话4G手表手机GPS定位手表拍照,明猩智能旗舰店,//item.jd.com/31916503084.html,小米,31916503084
968.0,普利邦（PULEEBUMG） 儿童电话手表智能手表中小学生多功能通话手机表防水拍照GPS定位,普利邦数码旗舰店,//item.jd.com/55397848219.html,普利邦,55397848219
199.0,DMDG 智能运动,瑞可视京东专营店,//item.jd.com/41956134050.html,DMDG,41956134050
26.0,适用华为荣耀,海霸户外专营店,//item.jd.com/51062911518.html,荣耀,51062911518
238.0,乐心（HIIN）彩屏智能,HIIN乐心旗舰店,//item.jd.com/27801879495.html,乐心,27801879495
1288.0,华为（HUAWEI） WatchGT智能运动手表实时心率监测持久续航NFC公交支付蓝牙男女荣耀,港讯智能专营店,//item.jd.com/35655669862.html,荣耀,35655669862
5800.0,瑞德罗曼 彩屏心电图手表男女多功能运动智能,瑞德罗曼智能设备旗舰店,//item.jd.com/55115778413.html,瑞德罗曼,55115778413
1980.0,橙朗 运动智能,物联达数码专营店,//item.jd.com/12334771777.html,橙朗,12334771777
199.0,lcsoa 华为通用智能多功能心率彩屏,lcsoa旗舰店,//item.jd.com/43692576742.html,华为,43692576742
898.0,Fitbit Flex 时尚智能乐活,fitbit京东自营官方旗舰店,//item.jd.com/1141923.html,Fitbit,1141923
299.0,DMDG 智能运动,大白熊专营店,//item.jd.com/45926977921.html,DMDG,45926977921
229.0,华为商城同款儿童电话手表中学生智能手表手机定位,敏琛户外专营店,//item.jd.com/52780461390.html,华为,52780461390
70.3,㏘Fitbit运动智能蓝牙手表,尚航运动专营店,//item.jd.com/55391763565.html,Fitbit,55391763565
1088.0,华为（HUAWEI） WATCH华为智能手表星月系列成人智能穿戴男女款运动,立众数码专营店,//item.jd.com/46080577717.html,华为,46080577717
78.0,鑫喆 华为B5智能,麟龙数码专营店,//item.jd.com/40285907977.html,华为,40285907977
134.0,华为商城同款‼️️,红啦豆运动户外拼购专营店,//item.jd.com/56904760608.html,华为,56904760608
1314.0,普利邦（PULEEBUMG） 七夕情人节 新款时尚运动智能,普利邦数码配件旗舰店,//item.jd.com/51467655093.html,普利邦,51467655093
2399.0,华为（HUAWEI） B5运动智能健康,爱果数码专营店,//item.jd.com/53538852834.html,华为,53538852834
2658.0,瑞德罗曼 彩屏智能手表男女款防水记步心率血压运动,瑞德罗曼数码旗舰店,//item.jd.com/40477368320.html,瑞德罗曼,40477368320
478.0,智能手表运动计步器男女测心率血压蓝牙彩屏多功能小米,妙妙衣心运动专营店,//item.jd.com/52398892750.html,小米,52398892750
479.0,华为商城同款可以接打电话的运动,敏琛户外专营店,//item.jd.com/52780279971.html,华为,52780279971
2588.0,普利邦（pulibang） 智能,普利邦影音娱乐旗舰店,//item.jd.com/46008121378.html,普利邦,46008121378
298.0,博之轮（BOZLUN） 博之轮彩屏智能,博之轮旗舰店,//item.jd.com/37071571561.html,博之轮,37071571561
45.9,魅英（MEIYING） 适用华为b2,魅英旗舰店,//item.jd.com/52387259062.html,华为,52387259062
380.0,Huawei华为荣耀儿童电话手表小K2智能手表,思创网络专营店,//item.jd.com/57534555034.html,荣耀,57534555034
29.0,DMDG 运动,瑞可视京东专营店,//item.jd.com/12137895097.html,DMDG,12137895097
19.0,霹雳先锋 小米,锋芒时代数码专营店,//item.jd.com/13130158585.html,小米,13130158585
129.0,【咨询领劵】华为,兴盛世数码专营店,//item.jd.com/55083329240.html,华为,55083329240
4788.0,橙朗 智能,物联达数码专营店,//item.jd.com/35228947690.html,橙朗,35228947690
6880.0,瑞德罗曼 智能手表老人,瑞德罗曼数码旗舰店,//item.jd.com/40971586164.html,瑞德罗曼,40971586164
2880.0,瑞德罗曼 智能手表血压心率监测心电图计步防水防尘多功能来电消息提醒运动,瑞德罗曼数码旗舰店,//item.jd.com/56284753164.html,瑞德罗曼,56284753164
1520.0,普利邦（PULEEBUMG） 彩屏智能,普利邦数码旗舰店,//item.jd.com/41094356929.html,普利邦,41094356929
3500.0,普利邦（PULEEBUMG） 智能,普利邦数码旗舰店,//item.jd.com/41502962117.html,普利邦,41502962117
599.0,乐心（HIIN） 智能穿戴,金久晖手表专营店,//item.jd.com/28976702276.html,乐心,28976702276
499.0,佳明 GARMIN vivofit jr健康教育睡眠监测计步追踪亲子互动儿童手表,GARMIN腕表京东自营旗舰店,//item.jd.com/6649064.html,佳明,6649064
219.0,爱多（IDALL） 智能,IDALL旗舰店,//item.jd.com/31223367222.html,爱多,31223367222
298.0,fitup 运动智能,迦美智能设备专营店,//item.jd.com/37033347140.html,fitup,37033347140
899.0,华为（HUAWEI） 华为,友信网络专营店,//item.jd.com/30499500725.html,华为,30499500725
1250.0,普利邦（PULEEBUMG） 运动,普利邦数码旗舰店,//item.jd.com/41092690204.html,普利邦,41092690204
109.0,华为（HUAWEI） 华为,华为祥朗专营店,//item.jd.com/39547043610.html,华为,39547043610
318.0,VOSSTR智能运动,沃仕途数码专营店,//item.jd.com/24109049296.html,VOSSTR,24109049296
109.0,荣耀 畅玩,银河信业专营店,//item.jd.com/15533884145.html,荣耀,15533884145
2288.0,普利邦（pulibang） 女士智能,普利邦影音娱乐旗舰店,//item.jd.com/46193981104.html,普利邦,46193981104
699.0,华米AMAZFIT运动手表 智能手表男女腕带防水听歌计步测心率,明猩智能旗舰店,//item.jd.com/25173678189.html,AMAZFIT,25173678189
1400.0,【商家仓次日达】普利邦（PULEEBUMG）高清大彩屏运动智能,普利邦旗舰店,//item.jd.com/54428344405.html,普利邦,54428344405
388.0,小米（M） 华米AMAZFT米动,喧霆影音娱乐专营店,//item.jd.com/57176204885.html,华米,57176204885
88.0,鑫喆 华为B5智能,天择伟业外设产品专营店,//item.jd.com/53933344062.html,华为,53933344062
399.0,VOSSTR 智能通话,利和成智能手表专营店,//item.jd.com/43538486633.html,VOSSTR,43538486633
699.0,小米（MI） Amazfit 智能手表青春版华米GPS定位户外运动跑步多功能计步器心率睡眠支付,邑喧影音娱乐专营店,//item.jd.com/55487554563.html,华米,55487554563
516.0,佳明官网garmin跑步手表松路智能手表同款三达新款智能,女真文运动专营店,//item.jd.com/56319392752.html,佳明,56319392752
189.0,博之轮（BOZLUN）智能手表户外运动测心率血压健康,博之轮京东自营旗舰店,//item.jd.com/4119558.html,博之轮,4119558
368.0,乐心（HIIN）网红抖音同款智能手表女士血压心率睡眠监测生理期提醒运动,亿贝手表专营店,//item.jd.com/47118789256.html,乐心,47118789256
93.0,智能手表运动插卡初中学生可通话打电话苹果华为oppo蓝牙,伍卟运动户外拼购专营店,//item.jd.com/56009099227.html,华为,56009099227
232.0,华为商城同款儿童电话手表智能gps定位多功能手机防水运动,旭尼户外专营店,//item.jd.com/56025954708.html,华为,56025954708
298.0,博之轮（BOZLUN） 智能,高睿思钟表专营店,//item.jd.com/37055933514.html,博之轮,37055933514
499.0,VOSSTR 智能,沃仕途智能手表专营店,//item.jd.com/34187307301.html,VOSSTR,34187307301
299.0,小米（MI） Amazfit 智能,骐子达数码配件专营店,//item.jd.com/54603821902.html,Amazfit,54603821902
899.0,华为（HUAWEI） 华为,博瀚星数码专营店,//item.jd.com/10737120735.html,华为,10737120735
78.0,鑫喆 华为 B3,麟龙数码专营店,//item.jd.com/30205595946.html,华为,30205595946
179.0,小米（MI） ,小米京诚专卖店,//item.jd.com/29018581602.html,小米,29018581602
699.0,DMDG 心电图智能,瑞可视京东专营店,//item.jd.com/32259853999.html,DMDG,32259853999
298.0,纽曼（Newmine） 智能,纽曼音频旗舰店,//item.jd.com/12143900283.html,Newmine,12143900283
1949.0,Fitbit 乐活（）健身,a axon_us海外官方旗舰店,//item.jd.com/1990913049.html,Fitbit,1990913049
229.0,华为（HUAWEI） 荣耀,顶然数码专营店,//item.jd.com/45088486121.html,荣耀,45088486121
399.0,VOSSTR 心率血压女性手表 生理监测智能,沃仕途数码专营店,//item.jd.com/41623390251.html,VOSSTR,41623390251
268.0,VOSSTR 智能,利和成智能手表专营店,//item.jd.com/11826840657.html,VOSSTR,11826840657
18.0,鑫喆 华为B5,麟龙数码专营店,//item.jd.com/31186101271.html,华为,31186101271
179.0,小米（MI） 小米,弘祥电器专营店,//item.jd.com/33373387204.html,小米,33373387204
799.0,小米（MI） 米兔儿童电话手表3 4G 蓝色 儿童手机 儿童,小米电视专卖店,//item.jd.com/42225598778.html,小米,42225598778
19.8,适用乐心,华缘数码专营店,//item.jd.com/51058245339.html,乐心,51058245339
399.0,VOSSTR 【医疗级测试】心率血氧智能,格力威数码专营店,//item.jd.com/42878275012.html,VOSSTR,42878275012
399.0,小米（MI） Amazfit米动手表青春版华米户外运动跑步健康多功能计步心率防水智能支付,邑喧影音娱乐专营店,//item.jd.com/55487563108.html,华米,55487563108
109.0,华为（HUAWEI） 华为智能,华为友信猫专营店,//item.jd.com/44159152815.html,华为,44159152815
272.5,量血压心率心电图监测计步多功能老人健康心跳测高仪器手表男女oppo华为vivo AI+电极板(黑色),华壮礼品专营店,//item.jd.com/55786413064.html,华为,55786413064
542.99,小米（MI） 米兔儿童智能电话手表3代男孩女孩防水防丢4G手机通话GPS定位学生运动,京迈数码旗舰店,//item.jd.com/30726529986.html,小米,30726529986
1199.0,AMAZFIT GTS 智能手表华米户外GPS定位跑步游泳运动健康男女多功能心率防水,喧霆影音娱乐专营店,//item.jd.com/57091719873.html,华米,57091719873
129.0,华为（HUAWEI） 智能,立众数码专营店,//item.jd.com/55234858748.html,华为,55234858748
499.0,华为 b3青春版 智能运动,麦果数码专营店,//item.jd.com/54829755212.html,华为,54829755212
19.0,浩酷（HOCO） 适用于小米,锋芒时代数码专营店,//item.jd.com/1617572462.html,小米,1617572462
2238.0,康普奇（Compucci） 智能,康普奇数码旗舰店,//item.jd.com/55303117632.html,康普奇,55303117632
68.0,小米,大志数码专营店,//item.jd.com/30355405665.html,小米,30355405665
429.0,360 7X双4G儿童电话手表视频通话学生男女小孩wifi智能问答语音拍照GPS定位支付,果珈数码专营店,//item.jd.com/36096836516.html,360,36096836516
299.0,360 儿童电话手表7C拍照游泳防水版手电筒学生男女孩智能安全GPS定位语音,原创新天下数码专营店,//item.jd.com/30946960126.html,360,30946960126
449.0,华为商城同款电子血压测量仪家用自动精准测量计智能,敏琛户外专营店,//item.jd.com/52780104246.html,华为,52780104246
469.0,乐心智能,安霖堂大药房旗舰店,//item.jd.com/57247798076.html,乐心,57247798076
299.0,Amazfit 米动,AMAZFIT官方旗舰店,//item.jd.com/16673180684.html,Amazfit,16673180684
3988.0,瑞德罗曼 智能,瑞德罗曼智能设备旗舰店,//item.jd.com/52340866250.html,瑞德罗曼,52340866250
429.0,小寻 X2 4G儿童电话手表 男女小孩 高清摄像头 360度防丢GPS学生定位手表 智能,果珈数码专营店,//item.jd.com/51430807546.html,360,51430807546
129.0,华为（HUAWEI） 荣耀,华为朋友专卖店,//item.jd.com/55704748447.html,荣耀,55704748447
19.9,小米（MI） 小米,冠翔数码专营店,//item.jd.com/57257211569.html,小米,57257211569
799.0,乐心（lifesense） 乐心,乐心智能旗舰店,//item.jd.com/43546211464.html,乐心,43546211464
189.0,华为（HUAWEI） 荣耀,宾视数码专营店,//item.jd.com/53439701359.html,荣耀,53439701359
298.0,fitup 智能手表时尚商务运动,迦美智能设备专营店,//item.jd.com/33674085940.html,fitup,33674085940
28.0,【四片装+送贴膜工具】西蒙迪奥 华为,西蒙迪奥旗舰店,//item.jd.com/30176712600.html,华为,30176712600
739.0,amazfit 华米nfc智能运动手表小米电话手表蓝牙男女成人防水腕带离线支付内置小爱智能,创趣智能数码专营店,//item.jd.com/41039745776.html,小米,41039745776
248.0,DMDG 智能,瑞可视京东专营店,//item.jd.com/34272002294.html,DMDG,34272002294
599.0,博之轮（BOZLUN） 【一键拨打电话】智能,高睿思钟表专营店,//item.jd.com/31066103185.html,博之轮,31066103185
299.0,VOSSTR 智能,格力威数码专营店,//item.jd.com/46527112774.html,VOSSTR,46527112774
3290.0,希娜塔 智能手表测心率血压多功能心电图检测跑计步防水圆屏运动,希娜塔数码旗舰店,//item.jd.com/55116404137.html,希娜塔,55116404137
53.0,amazfit华米米动青春版手表腕带,玖玖林运动户外专营店,//item.jd.com/51099253116.html,华米,51099253116
114.0,智能手表watch gt通用honor荣耀magic皮质真皮表带运动男时尚,范斯登户外专营店,//item.jd.com/47968468223.html,荣耀,47968468223
499.0,华为（HUAWEI） 华为B3智能运动,华为晨美专卖店,//item.jd.com/27521191616.html,华为,27521191616
1520.0,普利邦 智能运动,普利邦数码旗舰店,//item.jd.com/41051548745.html,普利邦,41051548745
298.0,VOSSTR 智能通话,沃仕途数码专营店,//item.jd.com/32679923468.html,VOSSTR,32679923468
19.0,霹雳先锋 小米,锋芒时代数码专营店,//item.jd.com/13114240916.html,小米,13114240916
699.0,VOSSTR 【Apple Watch表带通用】智能手表 ,沃仕途数码专营店,//item.jd.com/27633778520.html,VOSSTR,27633778520
3888.0,HUAWEI 华为（）WATCH智能手表运动检测蓝牙无线智能穿戴电话,HUAWEI启数专卖店,//item.jd.com/10945740765.html,华为,10945740765
25.0,炫戴（XUANDAI） 新款装甲版硅胶防水腕带小米,腾飞哥特数码专营店,//item.jd.com/52703216157.html,小米,52703216157
298.0,纽曼（Newmine） 智能,一傲数码专营店,//item.jd.com/47167088840.html,Newmine,47167088840
13.9,魅英（MEIYING） 适用于小米,魅英旗舰店,//item.jd.com/57390274700.html,小米,57390274700
28.0,炫戴（XUANDAI） 新款乐心,腾飞哥特数码专营店,//item.jd.com/37182761267.html,乐心,37182761267
1199.0,华为（HUAWEI） 华为,佳沪智能专营店,//item.jd.com/54614617033.html,华为,54614617033
1400.0,普利邦 高清大彩屏运动智能,普利邦数码旗舰店,//item.jd.com/41168629101.html,普利邦,41168629101
980.0,特兰恩 智能,曼朗数码专营店,//item.jd.com/17868361926.html,特兰恩,17868361926
239.0,爱多（IDALL） 智能,棉花田数码专营店,//item.jd.com/33278707483.html,爱多,33278707483
129.0,华为（HUAWEI） 原装,华为迈微专卖店,//item.jd.com/53033850225.html,华为,53033850225
1699.0,普利邦（PULEEBUMG） 智能,普利邦数码配件旗舰店,//item.jd.com/45332891551.html,普利邦,45332891551
2725.0,普利邦（PULEEBUMG） 智能,普利邦智能设备旗舰店,//item.jd.com/46098450117.html,普利邦,46098450117
28.0,霹雳先锋 适用于小米,锋芒时代数码专营店,//item.jd.com/53567553432.html,小米,53567553432
2080.0,希娜塔 智能,希娜塔数码旗舰店,//item.jd.com/52830723325.html,希娜塔,52830723325
6888.0,特兰恩（Tralean） 商务智能手表电话手表成人防水运动跑步,曼朗数码专营店,//item.jd.com/32279344563.html,特兰恩,32279344563
266.0,lcsoa 彩屏智能小米,lcsoa旗舰店,//item.jd.com/32166068396.html,小米,32166068396
299.0,DMDG ,瑞可视京东专营店,//item.jd.com/57557157467.html,DMDG,57557157467
248.0,【年卡会员套餐】Keep 运动智能,Keep智能运动京东自营旗舰店,//item.jd.com/100005223182.html,Keep,100005223182
359.0,纽曼（Newmine） 纽曼蓝牙智能,纽曼音频旗舰店,//item.jd.com/13974126199.html,Newmine,13974126199
170.0,全颂 智能,全颂官方旗舰店,//item.jd.com/35208508428.html,全颂,35208508428
399.0,真匠 老人电话手表定位GPS追踪器心率血压防走失智能,齐鑫博数码专营店,//item.jd.com/36208702798.html,真匠,36208702798
1987.0,特兰恩（Tralean） 智能手表手机wifi多功能安卓插卡防水男女成人学生儿童电话手表定位通话,曼朗数码专营店,//item.jd.com/35291629971.html,特兰恩,35291629971
1688.0,希娜塔 智能,希娜塔数码旗舰店,//item.jd.com/47383025266.html,希娜塔,47383025266
388.0,华为运动,华为京东自营官方旗舰店,//item.jd.com/4413315.html,华为,4413315
1899.0,华为（HUAWEI）WATCH GT智能手表持久续航移动支付nfc公交心率睡眠健康监测运动,顶然数码专营店,//item.jd.com/54399033942.html,华为,54399033942
29.0,小米,双闻影音专营店,//item.jd.com/30541917949.html,小米,30541917949
299.0,dido B36女士智能,dido旗舰店,//item.jd.com/43631307329.html,dido,43631307329
129.0,纽曼（Newmine） 儿童电话手表防水学生多功能手机男童女孩智能定位,子越数码专营店,//item.jd.com/37356524453.html,Newmine,37356524453
1459.0,AMAZFIT 华米智能运动手表2代 办公商务心率计步检测生活防水游泳GPS跑步安卓iOS智能,铭婵智能旗舰店,//item.jd.com/28043218140.html,华米,28043218140
449.0,华为（HUAWEI） 华为智能运动,华为平天专卖店,//item.jd.com/50599690563.html,华为,50599690563
9.9,鑫喆 华为B5,天择伟业外设产品专营店,//item.jd.com/54193942381.html,华为,54193942381
299.0,DMDG 智能运动,瑞可视京东专营店,//item.jd.com/11357268890.html,DMDG,11357268890
756.0,美国直邮 佳明 Garmin vivofit 3运动,沃尔玛海外官方旗舰店,//item.jd.com/1992753161.html,佳明,1992753161
29.9,魅英（MEIYING） 适用华为b3b5,魅英旗舰店,//item.jd.com/47869435830.html,华为,47869435830
1988.0,普利邦（PULEEBUMG） 彩屏智能,普利邦数码配件旗舰店,//item.jd.com/45699943677.html,普利邦,45699943677
1958.0,普利邦（PULEEBUMG） 苹果华为,普利邦智能设备旗舰店,//item.jd.com/46557493149.html,华为,46557493149
279.0,乐心（HIIN） 智能,金久晖手表专营店,//item.jd.com/34134029603.html,乐心,34134029603
1499.0,华为（HUAWEI）华为,乐奇数码专营店,//item.jd.com/56668406901.html,华为,56668406901
1288.0,瑞德罗曼 智能,瑞德罗曼智能设备旗舰店,//item.jd.com/45830155917.html,瑞德罗曼,45830155917
949.0,华为（HUAWEI） B5智能,中国移动数码专营店,//item.jd.com/44229719853.html,华为,44229719853
299.0,小寻 Mibro T2儿童电话手表GPS定位 学生儿童定位手表 智能手表,新蓝点数码专营店,//item.jd.com/48974164809.html,小寻,48974164809
399.0,dido 智能,爱果数码专营店,//item.jd.com/45862042514.html,dido,45862042514
39.9,七佳数码 适用华为B2,七佳数码专营店,//item.jd.com/52382627363.html,华为,52382627363
169.0,Keep 运动智能,Keep智能运动京东自营旗舰店,//item.jd.com/100004601378.html,Keep,100004601378
845.05,华为商城同款‼️️老人定位,敏琛户外专营店,//item.jd.com/52609355771.html,华为,52609355771
1299.0,佳明（GARMIN） vivosport 灰色大号,Garmin佳明京东自营旗舰店,//item.jd.com/100002673537.html,佳明,100002673537
2688.0,普利邦（pulibang） 智能,普利邦影音娱乐旗舰店,//item.jd.com/53037205175.html,普利邦,53037205175
1529.0,普利邦（PULEEBUMG） 彩屏智能,普利邦数码配件旗舰店,//item.jd.com/52857660654.html,普利邦,52857660654
2759.0,橙朗 大彩屏智能血压,物联达数码专营店,//item.jd.com/45987858651.html,橙朗,45987858651
7.3,小米,华缘数码专营店,//item.jd.com/57370361108.html,小米,57370361108
99.0,荣耀,天华源腕表专营店,//item.jd.com/43758003132.html,荣耀,43758003132
30.0,爱多（IDALL） 爱多智能,IDALL旗舰店,//item.jd.com/37678179015.html,爱多,37678179015
2688.0,普利邦（pulibang） 女士智能,普利邦影音娱乐旗舰店,//item.jd.com/47621009229.html,普利邦,47621009229
299.0,VOSSTR 智能血压,一成智能手表专营店,//item.jd.com/33820757567.html,VOSSTR,33820757567
298.0,HUAWEI 华为运动,天地华瑞网络设备专营店,//item.jd.com/41314075932.html,华为,41314075932
129.0,华为（HUAWEI） 智能,浤兴数码专营店,//item.jd.com/55166386790.html,华为,55166386790
158.0,VOSSTR 智能,一成智能手表专营店,//item.jd.com/55629359185.html,VOSSTR,55629359185
12.3,适用小米,华缘数码专营店,//item.jd.com/57304512342.html,小米,57304512342
28.0,虎克 360儿童手表SE2代/SE2Plus巴迪龙男女孩,虎克官方旗舰店,//item.jd.com/16644994675.html,360,16644994675
4599.0,橙朗 智能,物联达数码专营店,//item.jd.com/40373390204.html,橙朗,40373390204
48.0,夏豹 华为B5,联诚旭数码专营店,//item.jd.com/31224837030.html,华为,31224837030
385.0,华为荣耀,天华源腕表专营店,//item.jd.com/44174580557.html,荣耀,44174580557
299.0,博之轮（BOZLUN） 心率智能,高睿思钟表专营店,//item.jd.com/27978009366.html,博之轮,27978009366
48.0,DMDG 智能,大白熊专营店,//item.jd.com/11360460714.html,DMDG,11360460714
399.0,华为,华为祥朗专营店,//item.jd.com/43347699731.html,华为,43347699731
22.0,适用于乐心,民瑞数码专营店,//item.jd.com/33745100937.html,乐心,33745100937
219.0,爱多（IDALL） 爱多彩屏智能,棉花田数码专营店,//item.jd.com/33278019719.html,爱多,33278019719
299.0,VOSSTR 智能,一成智能手表专营店,//item.jd.com/29859333703.html,VOSSTR,29859333703
449.0,华为b3青春版,盈诺智能设备专营店,//item.jd.com/52262262150.html,华为,52262262150
299.0,小寻  移动4G儿童电话手表F1 360度GPS定位 学生儿童定位手机 智能手表,小寻京东自营官方旗舰店,//item.jd.com/100000631169.html,360,100000631169
599.0,ADZ 能接电话的智能运动,ADZ旗舰店,//item.jd.com/42748660580.html,ADZ,42748660580
329.0,DMDG TB5智能,瑞可视京东专营店,//item.jd.com/56697921442.html,DMDG,56697921442
219.0,360 儿童电话手表SE2代SE3代通话Plus小学生GPS定位儿童手机防丢防水,原创新天下数码专营店,//item.jd.com/13931470407.html,360,13931470407
1980.0,瑞德罗曼 智能手表多功能测血压心率运动,瑞德罗曼智能设备旗舰店,//item.jd.com/46838350785.html,瑞德罗曼,46838350785
174.0,小米（MI） ,小米岸越专卖店,//item.jd.com/50102302520.html,小米,50102302520
499.0,华为（HUAWEI） ,爱果数码专营店,//item.jd.com/33409530006.html,华为,33409530006
269.0,华为（HUAWEI） ,誉满天下数码专营店,//item.jd.com/51510372248.html,华为,51510372248
92.0,华为（HUAWEI） 华为华为,华为平天专卖店,//item.jd.com/56611054355.html,华为,56611054355
299.0,华为荣耀小K2儿童电话手表 七重定位智能高清插卡通话360度多功能男孩女孩学生,宾视数码专营店,//item.jd.com/41911770966.html,360,41911770966
2298.0,普利邦（PULEEBUMG） 新款智能,普利邦数码配件旗舰店,//item.jd.com/55344328994.html,普利邦,55344328994
99.0,华为（HUAWEI） 智能,佳沪智能专营店,//item.jd.com/39170135550.html,华为,39170135550
268.0,fitup 【支持远程关注】智能,fitup官方旗舰店,//item.jd.com/29229141149.html,fitup,29229141149
2300.0,普利邦（pulibang） 情侣智能,普利邦影音娱乐旗舰店,//item.jd.com/46119153927.html,普利邦,46119153927
19.9,华为（HUAWEI） honor华为荣耀,梓豪数码专营店,//item.jd.com/37408044112.html,荣耀,37408044112
229.0,amazfit 小米生态链,创趣智能数码专营店,//item.jd.com/17933306684.html,小米,17933306684
68.0,炫戴（XUANDAI）适用华为B5,腾飞哥特数码专营店,//item.jd.com/30642135216.html,华为,30642135216
119.0,华为荣耀,华融数码专营店,//item.jd.com/55857710878.html,荣耀,55857710878
15.9,魅英（MEIYING） 适用荣耀,魅英旗舰店,//item.jd.com/47769793572.html,荣耀,47769793572
19.9,华为3e/4e,梓豪数码专营店,//item.jd.com/41605906609.html,华为,41605906609
899.0,佳明（GARMIN）vivosmart3 黑色,Garmin佳明京东自营旗舰店,//item.jd.com/100005853436.html,佳明,100005853436
449.0,华为（HUAWEI） B3青春版运动,深达通数码专营店,//item.jd.com/13139312631.html,华为,13139312631
299.0,DMDG ,大白熊专营店,//item.jd.com/54402524900.html,DMDG,54402524900
899.0,【咨询有礼】 华为,梓豪数码专营店,//item.jd.com/30190937667.html,华为,30190937667
15.9,七佳数码 适用于荣耀,七佳数码专营店,//item.jd.com/50671488169.html,荣耀,50671488169
1889.0,普利邦（PULEEBUMG） 彩屏智能,普利邦数码配件旗舰店,//item.jd.com/45071731680.html,普利邦,45071731680
1888.0,普利邦（PULEEBUMG） 圆形彩屏智能,普利邦数码旗舰店,//item.jd.com/41279264455.html,普利邦,41279264455
1888.0,普利邦（PULEEBUMG） 全触屏运动智能,普利邦数码配件旗舰店,//item.jd.com/55389160967.html,普利邦,55389160967
19.9,七佳数码 适用于乐心1,七佳数码专营店,//item.jd.com/41608002419.html,乐心,41608002419
498.0,DMDG 智能,瑞可视京东专营店,//item.jd.com/56244151272.html,DMDG,56244151272
2380.0,普利邦（PULEEBUMG） 彩屏智能,普利邦数码旗舰店,//item.jd.com/45122378187.html,普利邦,45122378187
299.0,小寻 Mibro T2儿童电话手表GPS定位中小学生天才儿童定位手 智能手表,乐瑞丰旗舰店,//item.jd.com/55097804902.html,小寻,55097804902
209.0,华为（HUAWEI） 荣耀,金米数码专营店,//item.jd.com/41003643075.html,荣耀,41003643075
99.0,华为（HUAWEI） 智能,华为沃德专营店,//item.jd.com/38386724391.html,华为,38386724391
1938.0,普利邦（PULEEBUMG） 智能,普利邦数码配件旗舰店,//item.jd.com/45485626877.html,普利邦,45485626877
109.0,荣耀 华为科技潮牌/,诺信达数码专营店,//item.jd.com/55706364802.html,华为,55706364802
269.0,360 儿童电话手表Se2/SE3 Plus代小学生天才必备,360智能设备旗舰店,//item.jd.com/32835325664.html,360,32835325664
179.0,小米（MI） 小米,明猩智能旗舰店,//item.jd.com/49853006756.html,小米,49853006756
2387.0,卡丝拉狄（cathyladi） 智能,卡丝拉狄数码旗舰店,//item.jd.com/42857284295.html,卡丝拉狄,42857284295
236.0,小米（MI） 小米,小米润玉阁专卖店,//item.jd.com/55630003903.html,小米,55630003903
2399.0,华为（HUAWEI）B5商务智能,卢米珈数码专营店,//item.jd.com/53327698444.html,华为,53327698444
399.0,VOSSTR 心率智能,格力威数码专营店,//item.jd.com/48144438301.html,VOSSTR,48144438301
395.0,华为（HUAWEI） 运动,亿尚专营店,//item.jd.com/47926239725.html,华为,47926239725
319.0,华为（HUAWEI） 儿童电话手表3Pro 360度安全智能防护防水 学生定位,华为晨美专卖店,//item.jd.com/14541628390.html,360,14541628390
399.0,VOSSTR 智能,沃仕途智能手表专营店,//item.jd.com/11111582687.html,VOSSTR,11111582687
308.0,华为（HUAWEI） b3智能,华为晨美专卖店,//item.jd.com/11933832324.html,华为,11933832324
1887.0,卡丝拉狄（cathyladi） 智能,卡丝拉狄数码旗舰店,//item.jd.com/46105701630.html,卡丝拉狄,46105701630
369.0,小寻 T2儿童电话手表女男孩小学生AI智能插卡双向通话GPS定位360度防丢手表手机,果珈数码专营店,//item.jd.com/19749711281.html,360,19749711281
129.0,荣耀畅玩,荣耀京东自营旗舰店,//item.jd.com/5126566.html,荣耀,5126566
1448.0,华为（HUAWEI） 荣耀手表WatchMagic智能运动,诺信达数码专营店,//item.jd.com/52494943438.html,荣耀,52494943438
399.0,华为（HUAWEI） ,金达威数码专营店,//item.jd.com/44141757537.html,华为,44141757537
1499.0,华为（HUAWEI） 华为,诺信达数码专营店,//item.jd.com/53291924465.html,华为,53291924465
1499.0,华为（HUAWEI） 【领券立减】华为,莫问数码专营店,//item.jd.com/40032754096.html,华为,40032754096
1499.0,【咨询有礼】华为,屹林宏业数码专营店,//item.jd.com/30424431214.html,华为,30424431214
499.0,DMDG 智能运动,大白熊专营店,//item.jd.com/49342052867.html,DMDG,49342052867
169.0,华为荣耀,进多数码专营店,//item.jd.com/34146977575.html,荣耀,34146977575
1488.0,华为（HUAWEI） 华为HUAWEIWATCHGT智能手表运动,华为友信猫专营店,//item.jd.com/47298161347.html,华为,47298161347
68.0,【精钢耐磨】华为b3青春版,梓豪数码专营店,//item.jd.com/29045075014.html,华为,29045075014
17.9,华为（HUAWEI） 荣耀,宾视数码专营店,//item.jd.com/27463300150.html,荣耀,27463300150
19.9,七佳数码 适用于华为A2,七佳数码专营店,//item.jd.com/41788306249.html,华为,41788306249
15.0,广仁德 【新升级防脱内衬】适用于小米,广仁德数码配件旗舰店,//item.jd.com/28334943217.html,小米,28334943217
1950.0,普利邦（PULEEBUMG） 测体脂智能,普利邦数码旗舰店,//item.jd.com/47957434691.html,普利邦,47957434691
25.0,华为（HUAWEI） 华为智能运动,华为沃德专营店,//item.jd.com/17137924323.html,华为,17137924323
99.0,华为荣耀,金达威数码专营店,//item.jd.com/32467146349.html,荣耀,32467146349
569.0,真匠 智能,真匠数码旗舰店,//item.jd.com/25910301586.html,真匠,25910301586
699.0,华为（HUAWEI） 华为荣耀智能手表Watch Magic运动,华为平天专卖店,//item.jd.com/56521426731.html,荣耀,56521426731
229.9,小米（MI） 小米,瑞华精英数码专营店,//item.jd.com/33374345222.html,小米,33374345222
199.0,小米（MI） 小米,卓曼有品旗舰店,//item.jd.com/28780380193.html,小米,28780380193
2588.0,【商家仓次日达】普利邦（PULEEBUMG）智能,普利邦旗舰店,//item.jd.com/52291934220.html,普利邦,52291934220
199.0,乐心（HIIN） 彩屏智能运动,金久晖手表专营店,//item.jd.com/28999612731.html,乐心,28999612731
199.0,小米（MI） 小米,雯玲影音专营店,//item.jd.com/51563185269.html,小米,51563185269
139.0,360 儿童电话手表SE3/SE2Plus智能通话GPS定位 小学生,本尚数码专营店,//item.jd.com/47673212028.html,360,47673212028
1800.0,普利邦（PULEEBUMG） 彩屏智能,普利邦数码旗舰店,//item.jd.com/45267945064.html,普利邦,45267945064
119.0,华为（HUAWEI） 荣耀畅玩,华为果珈专卖店,//item.jd.com/41316796623.html,荣耀,41316796623
269.0,乐心ziva智能,坤蓬手机配件专营店,//item.jd.com/27278994325.html,乐心,27278994325
1350.0,【领券立减】华为,迅优智能专营店,//item.jd.com/41908662705.html,华为,41908662705
139.0,乐心（lifesense） ,和家亲专营店,//item.jd.com/51934648191.html,乐心,51934648191
45.0,贝斯特 适用 AMAZFIT华米米动cor,零零七数码专营店,//item.jd.com/36766118064.html,华米,36766118064
1339.0,amazfit 华米智能运动手表2S男女腕带防水,创趣智能数码专营店,//item.jd.com/47255717728.html,华米,47255717728
1888.0,普利邦（PULEEBUMG） 彩屏智能,普利邦数码旗舰店,//item.jd.com/41087290486.html,普利邦,41087290486
1699.0,普利邦（pulibang） ,普利邦影音娱乐旗舰店,//item.jd.com/46008156994.html,普利邦,46008156994
112.0,华为（HUAWEI） 荣耀,华为初之心专卖店,//item.jd.com/51543472444.html,荣耀,51543472444
1399.0,小米（MI） 华米智能运动手表2代  办公商务心率计步检测生活防水游泳GPS跑步安卓iOS智能,新发现专营店,//item.jd.com/51358453614.html,华米,51358453614
159.0,华为（HUAWEI） 荣耀,智辰熙数码专营店,//item.jd.com/37000830192.html,荣耀,37000830192
1249.0,华为（HUAWEI） B5智能,艾奇特智能数码专营店,//item.jd.com/46300224012.html,华为,46300224012
139.0,华为荣耀,华为进多专卖店,//item.jd.com/51451575917.html,荣耀,51451575917
399.0,VOSSTR 智能手表 心电图心率血压检测运动监测,沃仕途智能手表专营店,//item.jd.com/40684411568.html,VOSSTR,40684411568
23.89,小米（MI） 小米,圆讯优选旗舰店,//item.jd.com/30130245544.html,小米,30130245544
399.0,华为运动,菲奥娜数码专营店,//item.jd.com/44488640756.html,华为,44488640756
1199.0,华为（HUAWEI） B5智能,莫菲特数码专营店,//item.jd.com/35762207012.html,华为,35762207012
394.99,小米（MI） 米兔智能儿童电话手表2小天才女孩男孩学生手表手机通话GPS定位防水防丢,京迈数码旗舰店,//item.jd.com/27172353998.html,小米,27172353998
398.0,华为儿童电话手表3 360度防水GPS七重定位 小天男女学生移动2G通话 荣耀高清拍照智能,浤兴数码专营店,//item.jd.com/52195910387.html,荣耀,52195910387
298.0,VOSSTR 心率血压女性智能,格力威数码专营店,//item.jd.com/41622844063.html,VOSSTR,41622844063
39.9,七佳数码 适用于免工具华为b2 b3 b5,七佳数码专营店,//item.jd.com/42285597421.html,华为,42285597421
459.0,dido G19 智能,dido智能设备官方旗舰店,//item.jd.com/43829747429.html,dido,43829747429
198.0,VOSSTR 智能,沃仕途数码专营店,//item.jd.com/11213218828.html,VOSSTR,11213218828
388.0,小米（MI） 华米AMAZFIT米动,邑喧影音娱乐专营店,//item.jd.com/54028191778.html,AMAZFIT,54028191778
99.0,华为（HUAWEI） 智能,金米数码专营店,//item.jd.com/38476331186.html,华为,38476331186
22.9,阿奇猫 华为B5,屹林智能专营店,//item.jd.com/30206441088.html,华为,30206441088
289.0,AMAZFIT 华米AMAZFIT米动,明猩智能旗舰店,//item.jd.com/25842607069.html,AMAZFIT,25842607069
55.0,炫戴（XUANDAI） 适用华为荣耀4/3/5,腾飞哥特数码专营店,//item.jd.com/43608657328.html,荣耀,43608657328
219.0,DMDG 圆屏智能,瑞可视京东专营店,//item.jd.com/40844820094.html,DMDG,40844820094
549.0,NOERDEN 牛丁 智能手表 瑞士机芯 电话提醒 LIFE+男女士腕表 运动计步,NOERDEN官方旗舰店,//item.jd.com/13518506613.html,NOERDEN,13518506613
358.0,华为（HUAWEI） 智能,华为臻联专营店,//item.jd.com/19511521458.html,华为,19511521458
118.0,VOSSTR 智能,格力威数码专营店,//item.jd.com/18173316897.html,VOSSTR,18173316897
268.0,VOSSTR 智能通话,沃仕途数码专营店,//item.jd.com/43534952758.html,VOSSTR,43534952758
128.0,乐心（HIIN） 智能,金久晖手表专营店,//item.jd.com/25985685256.html,乐心,25985685256
99.0,华为（HUAWEI） 华为,立众数码专营店,//item.jd.com/38497486435.html,华为,38497486435
168.0,VOSSTR 智能,格力威数码专营店,//item.jd.com/26589054935.html,VOSSTR,26589054935
1999.0,【商家仓次日达】普利邦（PULEEBUMG）智能,普利邦旗舰店,//item.jd.com/55027674489.html,普利邦,55027674489
299.0,全程通C33体脂,全程通京东自营旗舰店,//item.jd.com/100002716151.html,全程通,100002716151
349.0,小寻 儿童电话手表S1男孩女孩小学生故事机智能手机通话GPS定位360度安全防丢防水wifi,果珈数码专营店,//item.jd.com/32792000411.html,360,32792000411
268.0,华为,梓豪数码专营店,//item.jd.com/29306271414.html,华为,29306271414
17.9,华为（HUAWEI） 荣耀,进多数码专营店,//item.jd.com/27464843556.html,荣耀,27464843556
1039.0,华为（HUAWEI） 智能,华为晨美专卖店,//item.jd.com/10986917963.html,华为,10986917963
268.0,VOSSTR 智能,利和成智能手表专营店,//item.jd.com/33056537872.html,VOSSTR,33056537872
99.0,【咨询领券】华为,屹林智能专营店,//item.jd.com/38400361467.html,华为,38400361467
1388.0,普利邦（pulibang） 女士智能,普利邦影音娱乐旗舰店,//item.jd.com/46193058080.html,普利邦,46193058080
129.0,华为（HUAWEI） 智能,华为臻联专营店,//item.jd.com/55182367858.html,华为,55182367858
199.0,华为（HUAWEI） 运动,鸿基永拓数码专营店,//item.jd.com/30553383477.html,华为,30553383477
168.0,小米（MI） 小米,佳沪智能专营店,//item.jd.com/49452923172.html,小米,49452923172
499.0,【心电图血压☆听力视力测试】VOSSTR智能,格力威数码专营店,//item.jd.com/18113126041.html,VOSSTR,18113126041
25.0,炫戴（XUANDAI） 小米,腾飞哥特数码专营店,//item.jd.com/52942307057.html,小米,52942307057
25.0,华为运动,梓豪数码专营店,//item.jd.com/28223129561.html,华为,28223129561
109.0,荣耀 ,荣耀融兴专卖店,//item.jd.com/55735221332.html,荣耀,55735221332
85.0,小米（MI） 小米1代,铭婵智能旗舰店,//item.jd.com/12283144447.html,小米,12283144447
238.0,VOSSTR 女性时尚智能,沃仕途数码专营店,//item.jd.com/35391639292.html,VOSSTR,35391639292
39.9,七佳数码 适用于华为watch一代手表表带 Fit荣耀S1华为b5智能运动,七佳数码专营店,//item.jd.com/45267236001.html,华为,45267236001
318.0,VOSSTR 智能,格力威数码专营店,//item.jd.com/15203848123.html,VOSSTR,15203848123
999.0,华为商城同款儿童电话手表可视频通话男孩智能4g网络学生防水防摔gps定位器追踪拍照初中生运动,敏琛户外专营店,//item.jd.com/52774664716.html,华为,52774664716
268.0,fitup 健身建议智能,fitup官方旗舰店,//item.jd.com/28484704739.html,fitup,28484704739
188.0,小米（MI） 小米小寻儿童手表 女孩男孩智能电话手表手机通话GPS 定位手表防水防丢学生运动,邑喧影音娱乐专营店,//item.jd.com/54028187007.html,小寻,54028187007
498.0,华为（HUAWEI） 华为儿童智能电话手表360度防护学生男孩女孩礼物礼品定位,华为果珈专卖店,//item.jd.com/41593573165.html,360,41593573165
189.0,荣耀 华为,平天手机配件专营店,//item.jd.com/55337101398.html,华为,55337101398
17.9,华为（HUAWEI） 华为运动,宾视数码专营店,//item.jd.com/27639400239.html,华为,27639400239
198.0,VOSSTR 智能,沃仕途数码专营店,//item.jd.com/26830554520.html,VOSSTR,26830554520
19.9,七佳数码适用于荣耀,七佳数码专营店,//item.jd.com/43984441357.html,荣耀,43984441357
368.0,VOSSTR 【心率血压睡眠监测】,利和成智能手表专营店,//item.jd.com/27689434351.html,VOSSTR,27689434351
229.0,华为荣耀,豫泊德仁数码专营店,//item.jd.com/49892206827.html,荣耀,49892206827
899.0,华为（HUAWEI） 荣耀手表Watch Dream智能女性运动心率防水女士,艾奇特智能数码专营店,//item.jd.com/42420089309.html,荣耀,42420089309
69.0,华为（HUAWEI） 智能,华为沃德专营店,//item.jd.com/10376689875.html,华为,10376689875
9.9,小米（MI） ,铭婵智能旗舰店,//item.jd.com/55375778304.html,小米,55375778304
1288.0,瑞德罗曼 智能手表防水健康监测心率血压多功能运动,瑞德罗曼数码旗舰店,//item.jd.com/40452445440.html,瑞德罗曼,40452445440
68.0,华为watch gt表带荣耀智能手表magic真皮运动,立众数码专营店,//item.jd.com/46204062325.html,荣耀,46204062325
99.0,华为（HUAWEI） 华为3e,华为盈诺专营店,//item.jd.com/38385988687.html,华为,38385988687
298.0,华为（HUAWEI） B29智能运动,彪牌手机配件专营店,//item.jd.com/24434962667.html,华为,24434962667
19.9,七佳数码 适用华为运动,七佳数码专营店,//item.jd.com/41912268562.html,华为,41912268562
25.0,华为（HUAWEI） 荣耀,华为沃德专营店,//item.jd.com/35590851382.html,荣耀,35590851382
19.0,婉魅 乐心智能,萌尚数码专营店,//item.jd.com/43121474129.html,乐心,43121474129
299.0,乐心（HIIN） 心电图智能,金久晖手表专营店,//item.jd.com/37439271194.html,乐心,37439271194
119.0,华为（HUAWEI） 荣耀,港讯智能专营店,//item.jd.com/56100027138.html,荣耀,56100027138
229.0,华为 荣耀,麦果数码专营店,//item.jd.com/54084761764.html,荣耀,54084761764
12.9,小米（MI） ,明猩智能旗舰店,//item.jd.com/12395274643.html,小米,12395274643
69.0,乐心（HIIN） 智能简约,金久晖手表专营店,//item.jd.com/17869248109.html,乐心,17869248109
1520.0,【商家仓次日达】普利邦（PULEEBUMG）彩屏智能,普利邦旗舰店,//item.jd.com/54348620271.html,普利邦,54348620271
199.0,小米（MI） 智能,果珈数码专营店,//item.jd.com/41785750460.html,小米,41785750460
68.0,魅戴 华为B5,楚昕数码专营店,//item.jd.com/36941364047.html,华为,36941364047
388.0,小米（MI） Amazfit 米动,骐子达数码配件专营店,//item.jd.com/54603807528.html,Amazfit,54603807528
258.0,DMDG 运动手表智能,瑞可视京东专营店,//item.jd.com/47140527516.html,DMDG,47140527516
99.0,华为（HUAWEI） 华为智能,京宇数码专营店,//item.jd.com/49089671067.html,华为,49089671067
39.0,华为（HUAWEI） 智能,华为沃德专营店,//item.jd.com/53150354911.html,华为,53150354911
988.0,普利邦（PULEEBUMG） 智能运动,普利邦数码旗舰店,//item.jd.com/48170438796.html,普利邦,48170438796
399.0,华为（HUAWEI） 运动,疆界数码旗舰店,//item.jd.com/53372118773.html,华为,53372118773
399.0,VOSSTR 智能,一成智能手表专营店,//item.jd.com/48892255094.html,VOSSTR,48892255094
398.0,博之轮（BOZLUN） 智能,高睿思钟表专营店,//item.jd.com/50796025041.html,博之轮,50796025041
398.0,华为（HUAWEI） 儿童手表3pro/K2智能电话手表防水通话手表男女学生GPS定位安全,金米数码专营店,//item.jd.com/10918694753.html,华为,10918694753
379.0,华为（HUAWEI） 运动,钰威数码专营店,//item.jd.com/47046272401.html,华为,47046272401
378.0,华为 ,华为亿竖专卖店,//item.jd.com/42101215695.html,华为,42101215695
22.9,小米（MI） 小米,瑞华精英数码专营店,//item.jd.com/10013467010.html,小米,10013467010
249.0,dido CK18运动智能,dido智能设备官方旗舰店,//item.jd.com/42220120190.html,dido,42220120190
249.0,华为（HUAWEI） 荣耀,金鸿泰数码专营店,//item.jd.com/40453087006.html,荣耀,40453087006
399.0,【直降30】华为,屹林宏业数码专营店,//item.jd.com/43701209008.html,华为,43701209008
63.0,米布斯（mijobs） 适用小米,米布斯智能设备旗舰店,//item.jd.com/29985885448.html,小米,29985885448
129.0,华为（HUAWEI） ,金达威数码专营店,//item.jd.com/55344761174.html,华为,55344761174
249.0,小寻 Mibro 儿童电话手表,新蓝点数码专营店,//item.jd.com/16387076344.html,小寻,16387076344
699.0,VOSSTR 【Apple Watch表带通用】智能,格力威数码专营店,//item.jd.com/30088009798.html,VOSSTR,30088009798
699.0,华为（HUAWEI） 华为荣耀智能手表Watch Magic运动,平天手机配件专营店,//item.jd.com/56607676625.html,荣耀,56607676625
698.0,Fitbit Charge 2智能时尚心率,艾贝数码专营店,//item.jd.com/46804357910.html,Fitbit,46804357910
199.0,爱多（IDALL） 智能,IDALL旗舰店,//item.jd.com/53843684084.html,爱多,53843684084
19.8,兵宏 适用于小米,兵宏数码专营店,//item.jd.com/28721201643.html,小米,28721201643
129.0,华为,千百回智能专营店,//item.jd.com/55529564972.html,华为,55529564972
99.0,华为荣耀畅玩,荣耀进多专卖店,//item.jd.com/55019526100.html,荣耀,55019526100
9.9,小米,大志数码专营店,//item.jd.com/17431318011.html,小米,17431318011
169.0,乐心（HIIN） 智能,金久晖手表专营店,//item.jd.com/36174251796.html,乐心,36174251796
18.8,翰诺思 适用于小米,华卓数码专营店,//item.jd.com/33651603788.html,小米,33651603788
669.0,全颂 能接电话的智能,迈乐宝数码配件专营店,//item.jd.com/53337641555.html,全颂,53337641555
169.0,华为（HUAWEI） 荣耀,利特范旗舰店,//item.jd.com/55600717143.html,荣耀,55600717143
39.0,适用华为荣耀,米布斯智能设备旗舰店,//item.jd.com/40632363000.html,荣耀,40632363000
299.0,小米（MI） ,雯玲影音专营店,//item.jd.com/54063500700.html,小米,54063500700
399.0,dido F10腕上测量体脂量肌肉量体脂游泳健身防水运动血压,dido智能设备官方旗舰店,//item.jd.com/49482039059.html,dido,49482039059
199.0,DMDG 智能运动,瑞可视京东专营店,//item.jd.com/50570567628.html,DMDG,50570567628
149.0,纽曼（Newmine） EX16蓝牙智能,纽曼音频旗舰店,//item.jd.com/25463405594.html,Newmine,25463405594
599.0,fitup 智能运动,元次方数码专营店,//item.jd.com/43829185551.html,fitup,43829185551
299.0,lcsoa 小米华为vivo苹果智能,lcsoa旗舰店,//item.jd.com/31976293186.html,华为,31976293186
598.0,fitup earband v08智能,盛世嘉园数码专营店,//item.jd.com/31919900578.html,fitup,31919900578
598.0,邦克凡 智能,宠乐圈数码专营店,//item.jd.com/38680674622.html,邦克凡,38680674622
598.0,邦克凡圆屏智能手表运动男女蓝牙免提通话支付,宠乐圈数码专营店,//item.jd.com/56488107954.html,邦克凡,56488107954
299.0,华为荣耀,菲奥娜数码专营店,//item.jd.com/53269299512.html,荣耀,53269299512
199.0,华为（HUAWEI） 荣耀,华微数码专营店,//item.jd.com/54152104811.html,荣耀,54152104811
209.0,小米（MI） 小米,骐子达数码配件专营店,//item.jd.com/55200257646.html,小米,55200257646
428.0,VOSSTR 智能,一成智能手表专营店,//item.jd.com/28201931007.html,VOSSTR,28201931007
39.9,七佳数码 适用于免工具华为b2 b3 b5,七佳数码专营店,//item.jd.com/39743314793.html,华为,39743314793
19.9,魅英（MEIYING） 适用于荣耀,魅英旗舰店,//item.jd.com/48398132580.html,荣耀,48398132580
199.0,DMDG 彩屏防水智能,瑞可视京东专营店,//item.jd.com/29722615038.html,DMDG,29722615038
158.0,博之轮（BOZLUN） 智能,梦捷钟表专营店,//item.jd.com/50422570169.html,博之轮,50422570169
569.0,小米（MI） 米兔儿童电话手表2/3女孩男孩智能电话手表手机通话GPS定位手表防丢,天泰数码专营店,//item.jd.com/32355276897.html,小米,32355276897
29.0,华为（HUAWEI） 华为智能运动,华为沃德专营店,//item.jd.com/43218448292.html,华为,43218448292
569.0,小米（MI） 米兔儿童电话手表3代4g版插卡拍照通话男女孩防丢生活防水GPS定位,天泰数码专营店,//item.jd.com/32355759275.html,小米,32355759275
568.0,fitup 运动智能,迦美智能设备专营店,//item.jd.com/35328138740.html,fitup,35328138740
189.0,amazfit 华米赤道月霜,创趣智能数码专营店,//item.jd.com/10835651965.html,华米,10835651965
109.0,荣耀 运动,诺信达数码专营店,//item.jd.com/41564023791.html,荣耀,41564023791
289.0,小米（MI） 小米,京彩智能数码专营店,//item.jd.com/56048764949.html,小米,56048764949
298.0,VOSSTR 智能通话蓝牙,利和成智能手表专营店,//item.jd.com/36916609966.html,VOSSTR,36916609966
158.0,博之轮（BOZLUN） 智能,博之轮钟表专营店,//item.jd.com/26402167471.html,博之轮,26402167471
268.0,VOSSTR 智能通话,格力威数码专营店,//item.jd.com/43538389124.html,VOSSTR,43538389124
68.0,华为（HUAWEI） ,秒通数码专营店,//item.jd.com/52848714461.html,华为,52848714461
268.0,VOSSTR 智能,沃仕途数码专营店,//item.jd.com/20280677492.html,VOSSTR,20280677492
99.0,VOSSTR 智能,沃仕途数码专营店,//item.jd.com/20051743667.html,VOSSTR,20051743667
199.0,乐心（lifesense） 乐心,乐心智能旗舰店,//item.jd.com/53186788181.html,乐心,53186788181
259.0,华为（HUAWEI） 荣耀,佳恒天成数码专营店,//item.jd.com/56014450464.html,荣耀,56014450464
249.0,荣耀 ,华信富手机配件专营店,//item.jd.com/55240245791.html,荣耀,55240245791
469.0,amazfit 华米智能手表青春版小米运动防水彩屏,创趣智能数码专营店,//item.jd.com/48912693802.html,小米,48912693802
179.0,小米（MI） ,时代数码旗舰店,//item.jd.com/33252797998.html,小米,33252797998
19.9,魅英（MEIYING） 适用乐心1,魅英旗舰店,//item.jd.com/47783505630.html,乐心,47783505630
169.0,小米（MI） ,果珈数码专营店,//item.jd.com/28899799253.html,小米,28899799253
169.0,小米（MI） ,果珈数码专营店,//item.jd.com/21216724951.html,小米,21216724951
129.0,华为,酷联数码专营店,//item.jd.com/55260271541.html,华为,55260271541
169.0,小米（MI） ,元朗智能专营店,//item.jd.com/28789935185.html,小米,28789935185
58.0,华为（HUAWEI） watch gt智能运动手表表带商务版b5,梓豪数码专营店,//item.jd.com/51464307552.html,华为,51464307552
469.0,华为（HUAWEI） 华为,华为平天专卖店,//item.jd.com/49899295748.html,华为,49899295748
469.0,全颂 可接打电话的智能,迈乐宝数码配件专营店,//item.jd.com/51346081134.html,全颂,51346081134
239.0,纽曼（Newmine） EX16蓝牙智能,悦联数码专营店,//item.jd.com/46312225773.html,Newmine,46312225773
39.0,小米,大志数码专营店,//item.jd.com/17431291728.html,小米,17431291728
178.0,博之轮（BOZLUN） 智能,博之轮旗舰店,//item.jd.com/33381722288.html,博之轮,33381722288
499.0,华为（HUAWEI） ,爱果数码专营店,//item.jd.com/46323973365.html,华为,46323973365
229.9,小米,铭婵智能旗舰店,//item.jd.com/54962578666.html,小米,54962578666
229.0,华为（HUAWEI） 荣耀,顶然数码专营店,//item.jd.com/56326262955.html,荣耀,56326262955
229.0,小米（MI） 小米,元朗智能专营店,//item.jd.com/50307778287.html,小米,50307778287
12.9,魅英（MEIYING） 适用于4Running充电器华为3E/4E荣耀5篮球版智能运动,魅英旗舰店,//item.jd.com/47750097745.html,荣耀,47750097745
569.0,DMDG 智能运动,大白熊专营店,//item.jd.com/41807776021.html,DMDG,41807776021
499.0,华为（HUAWEI）,菲奥娜数码专营店,//item.jd.com/45775014316.html,华为,45775014316
139.9,小米（MI） 【顺丰快递】小米,岸越数码旗舰店,//item.jd.com/42280750200.html,小米,42280750200
19.0,贝斯特 适用荣耀,零零七数码专营店,//item.jd.com/36940989064.html,荣耀,36940989064
209.0,小米（MI） ,元朗智能专营店,//item.jd.com/33518629256.html,小米,33518629256
19.0,炫戴（XUANDAI） 适用小米,腾飞哥特数码专营店,//item.jd.com/30478588854.html,小米,30478588854
429.0,华为,豫泊德仁数码专营店,//item.jd.com/40729958159.html,华为,40729958159
15.8,小米,大志数码专营店,//item.jd.com/29637613248.html,小米,29637613248
449.0,华为（HUAWEI） 智能运动,诺信达数码专营店,//item.jd.com/53267013917.html,华为,53267013917
139.0,纽曼（Newmine） 运动智能,雄创数码专营店,//item.jd.com/53188988202.html,Newmine,53188988202
139.0,华为荣耀,荣耀进多专卖店,//item.jd.com/55017604786.html,荣耀,55017604786
399.0,华为（HUAWEI） 运动,华微数码专营店,//item.jd.com/48222799879.html,华为,48222799879
399.0,amazfit 【自营同款】华米米动健康,创趣智能数码专营店,//item.jd.com/54266906872.html,华米,54266906872
429.0,华为商城同款儿童电话手表中学生天才智能防水多功能智能定位男孩女孩男童女童安卓触屏通话,敏琛户外专营店,//item.jd.com/52774417120.html,华为,52774417120
399.0,360 7X 双4G儿童电话手表视频通话学生男女小孩wifi智能问答语音拍照GPS定位支付,昕旻数码专营店,//item.jd.com/41529604334.html,360,41529604334
399.0,小米有品AMAZFIT Amazfit华米智能手表男女运动,圆迈智能旗舰店,//item.jd.com/1668263289.html,华米,1668263289
388.0,小米（MI） Amazfit 米动,邑喧影音娱乐专营店,//item.jd.com/55487563076.html,Amazfit,55487563076
199.0,360儿童 电话手表SE5 智能语音通话GPS定位防水防走失手机男女孩小学生运动,漫博游数码专营店,//item.jd.com/51554953042.html,360,51554953042
398.0,橙朗 多功能智能运动,物联达数码专营店,//item.jd.com/56512686874.html,橙朗,56512686874
458.0,HUAWEI 华为儿童电话手表3pro学生GPS定位防水智能手表4G全网通视频通话男女孩礼物,旺仕达数码专营店,//item.jd.com/51509470019.html,华为,51509470019
399.0,华为原装,潮流配件专营店,//item.jd.com/51676875379.html,华为,51676875379
199.0,华为荣耀,菲奥娜数码专营店,//item.jd.com/31545448213.html,荣耀,31545448213
199.0,华为（HUAWEI） 荣耀,华微数码专营店,//item.jd.com/52958243108.html,荣耀,52958243108
198.0,fitup 彩屏监测血压/心率智能,fitup官方旗舰店,//item.jd.com/37437239663.html,fitup,37437239663
178.0,博之轮（BOZLUN） 博之轮血压血氧心率,高睿思钟表专营店,//item.jd.com/33801684559.html,博之轮,33801684559
99.0,乐心（HIIN）智能运动,HIIN乐心旗舰店,//item.jd.com/25982589839.html,乐心,25982589839
198.0,小米 MI,闪搜数码旗舰店,//item.jd.com/49902096139.html,小米,49902096139
399.0,华为,宾视数码专营店,//item.jd.com/45108545338.html,华为,45108545338
359.0,华米AMAZFIT米动手表青春版 智能运动手表男女腕带防水计步测心率,明猩智能旗舰店,//item.jd.com/14542430691.html,AMAZFIT,14542430691
388.0,小米（MI） 华米AMAZFIT米动,骐子达数码配件专营店,//item.jd.com/54603840101.html,AMAZFIT,54603840101
198.0,博之轮（BOZLUN） 智能,高睿思钟表专营店,//item.jd.com/19948775801.html,博之轮,19948775801
3800.0,瑞德罗曼 智能,瑞德罗曼数码旗舰店,//item.jd.com/40971575547.html,瑞德罗曼,40971575547
98.0,炫戴（XUANDAI） 新款适用小米3镂空复古表带小米,腾飞哥特数码专营店,//item.jd.com/38692436130.html,小米,38692436130
399.0,VOSSTR 智能,利和成智能手表专营店,//item.jd.com/29977915235.html,VOSSTR,29977915235
399.0,华为（HUAWEI） 运动,羿钰数码专营店,//item.jd.com/52601964387.html,华为,52601964387
379.0,华为（HUAWEI） 华为,金米数码专营店,//item.jd.com/43547930443.html,华为,43547930443
399.0,华为商城同款刷公交地铁智能,敏琛户外专营店,//item.jd.com/52778091023.html,华为,52778091023
369.0,华为（HUAWEI）华为,中国移动手机官方旗舰店,//item.jd.com/48396530681.html,华为,48396530681
179.0,荣耀 ,钰威数码专营店,//item.jd.com/54334190810.html,荣耀,54334190810
368.0,博之轮（BOZLUN） 智能,高睿思钟表专营店,//item.jd.com/32781255586.html,博之轮,32781255586
379.0,华为,豫泊德仁数码专营店,//item.jd.com/31211872561.html,华为,31211872561
368.0,DMDG 心电图血压智能,瑞可视京东专营店,//item.jd.com/37198441235.html,DMDG,37198441235
468.0,fitup 【疾病预防】智能心电图,迦美智能设备专营店,//item.jd.com/47791987082.html,fitup,47791987082
189.9,小米（MI） 【小米授权旗舰店】小米,岸越数码旗舰店,//item.jd.com/33522347452.html,小米,33522347452
368.0,【心率检测☆血压心电图监测】VOSSTR智能,格力威数码专营店,//item.jd.com/25520886740.html,VOSSTR,25520886740
15.8,小米,大志数码专营店,//item.jd.com/29638073932.html,小米,29638073932
399.0,纽曼（Newmine） 血压心率智能,子越影音娱乐专营店,//item.jd.com/30578584239.html,Newmine,30578584239
19.0,华米动青春版硅胶手表带amazfit智能运动,零零七数码专营店,//item.jd.com/54560102312.html,amazfit,54560102312
18.0,鑫喆 华为智能,麟龙数码专营店,//item.jd.com/40061738826.html,华为,40061738826
189.0,华为（HUAWEI） 荣耀,疆界数码旗舰店,//item.jd.com/51698309760.html,荣耀,51698309760
179.0,小米（MI） ,天泰数码专营店,//item.jd.com/50206040600.html,小米,50206040600
68.0,【精钢耐磨】华为b5,梓豪数码专营店,//item.jd.com/31473602270.html,华为,31473602270
339.0,小米（MI） 小米,邑喧影音娱乐专营店,//item.jd.com/53396470734.html,小米,53396470734
16.9,OUMEI 小米,天聚数码专营店,//item.jd.com/12337512614.html,小米,12337512614
339.0,真匠 儿童电话GPS定位器防走失老人跟踪器防水学生智能,真匠数码旗舰店,//item.jd.com/19196640691.html,真匠,19196640691
349.0,小米（MI） 米兔儿童电话手表3学生运动,卓曼有品旗舰店,//item.jd.com/36950419335.html,小米,36950419335
169.0,小米小寻儿童手表 女孩男孩智能电话手表手机通话GPS 定位手表防水防丢学生运动,明猩智能旗舰店,//item.jd.com/14542904554.html,小寻,14542904554
169.0,华为（HUAWEI） 华为荣耀,荣耀进多专卖店,//item.jd.com/55020677015.html,荣耀,55020677015
9.9,鑫喆 华为B3,鑫喆旗舰店,//item.jd.com/43657754673.html,华为,43657754673
29.0,华为B3,进多数码专营店,//item.jd.com/28280858742.html,华为,28280858742
329.0,小米（MI） 米兔智能儿童电话手表2 女孩男孩学生手表 手机4g通话 拍照GPS定位防水防丢,芸铭手机配件专营店,//item.jd.com/55748791479.html,小米,55748791479
45.0,米布斯（mijobs） 华为荣耀,米布斯智能设备旗舰店,//item.jd.com/26745799249.html,荣耀,26745799249
159.0,小米（MI） 小米,雯玲影音专营店,//item.jd.com/51654233099.html,小米,51654233099
17.9,华为荣耀,进多数码专营店,//item.jd.com/27637849398.html,荣耀,27637849398
16.9,阿奇猫 小米,屹林智能专营店,//item.jd.com/52053534916.html,小米,52053534916
309.0,华为荣耀,卢米珈数码专营店,//item.jd.com/53327672446.html,荣耀,53327672446
1699.0,康普奇（Compucci） 彩屏智能,康普奇旗舰店,//item.jd.com/54294092685.html,康普奇,54294092685
299.0,华为（HUAWEI） 荣耀,爱果数码专营店,//item.jd.com/56326026716.html,荣耀,56326026716
42.0,米布斯（mijobs） 适用华为运动,米布斯智能设备旗舰店,//item.jd.com/28264888127.html,华为,28264888127
299.0,VOSSTR 智能,沃仕途智能手表专营店,//item.jd.com/43819669626.html,VOSSTR,43819669626
309.0,小米 ,闪搜数码旗舰店,//item.jd.com/50679544363.html,小米,50679544363
299.0,VOSSTR 心率智能,格力威数码专营店,//item.jd.com/48284407168.html,VOSSTR,48284407168
299.0,乐心（HIIN）智能手表测心率血压血氧挂断电话闹钟记步潮男中学生表韩版智能,HIIN乐心旗舰店,//item.jd.com/26146759467.html,乐心,26146759467
299.0,希比希 儿童智能电话手表学生可爱防水多功能定位跟踪手机男孩女孩拍照触摸屏插卡小寻天才通话,微盈亮数码专营店,//item.jd.com/32006693191.html,小寻,32006693191
298.0,VOSSTR 女性智能,利和成智能手表专营店,//item.jd.com/41642902809.html,VOSSTR,41642902809
25.0,炫戴（XUANDAI） 适用小米,腾飞哥特数码专营店,//item.jd.com/39044232119.html,小米,39044232119
298.0,VOSSTR 时尚女性智能,沃仕途数码专营店,//item.jd.com/36952111044.html,VOSSTR,36952111044
298.0,DMDG 智能运动,大白熊专营店,//item.jd.com/34613881322.html,DMDG,34613881322
149.0,纽曼（Newmine） EX16蓝牙智能,子越数码专营店,//item.jd.com/27071027145.html,Newmine,27071027145
368.0,VOSSTR 智能,一成智能手表专营店,//item.jd.com/41160090224.html,VOSSTR,41160090224
298.0,VOSSTR智能,格力威数码专营店,//item.jd.com/10866684160.html,VOSSTR,10866684160
23.0,华为（HUAWEI） 荣耀4,华为初之心专卖店,//item.jd.com/52808644919.html,荣耀,52808644919
298.0,VOSSTR B5智能通话,沃仕途数码专营店,//item.jd.com/37264890685.html,VOSSTR,37264890685
297.0,AMAZFIT 智能运动米动,元朗智能专营店,//item.jd.com/16921543692.html,AMAZFIT,16921543692
99.0,乐心（lifesense） 乐心,乐心智能旗舰店,//item.jd.com/11943161841.html,乐心,11943161841
99.0,乐心（HIIN）智能,HIIN乐心旗舰店,//item.jd.com/55585041400.html,乐心,55585041400
399.0,VOSSTR 智能,利和成智能手表专营店,//item.jd.com/36943418755.html,VOSSTR,36943418755
99.0,华为（HUAWEI） ,丰弘数码专营店,//item.jd.com/41407530726.html,华为,41407530726
99.0,荣耀（HONOR） 荣耀华为蓝牙畅玩,华融数码专营店,//item.jd.com/56622342483.html,华为,56622342483
298.0,VOSSTR 智能,利和成智能手表专营店,//item.jd.com/43704138964.html,VOSSTR,43704138964
299.0,纽曼（Newmine） 智能,子越数码专营店,//item.jd.com/27070552520.html,Newmine,27070552520
298.0,VOSSTR 智能,利和成智能手表专营店,//item.jd.com/41065321253.html,VOSSTR,41065321253
98.0,华为（HUAWEI） 荣耀,彪牌手机配件专营店,//item.jd.com/32522430964.html,荣耀,32522430964
15.9,魅英（MEIYING） 适用于华为荣耀,魅英旗舰店,//item.jd.com/47850603465.html,荣耀,47850603465
279.0,荣耀 ,华信富手机配件专营店,//item.jd.com/55863097399.html,荣耀,55863097399
279.0,amazfit 华米米动智能运动小米,创趣智能数码专营店,//item.jd.com/41037547221.html,小米,41037547221
289.0,送男友情人节生日乐心（HIIN）智能手表心率血压监测来电提醒睡眠监测计步男女运动,HIIN乐心旗舰店,//item.jd.com/43755779516.html,乐心,43755779516
299.0,乐心（HIIN） 智能手表 心率血压检测 黑科技多功能户外跑步运动,金久晖手表专营店,//item.jd.com/26147554203.html,乐心,26147554203
279.0,360 儿童电话手表SE3/SE3plus巴迪龙智能GPS定位小学生防丢防水,酷信智能旗舰店,//item.jd.com/13511737944.html,360,13511737944
138.0, 彩屏智能运动健身男女血压心率睡眠监测防水计步手表oppo荣耀vivo小米魅族苹果通用 科技黑,亿讯数码专营店,//item.jd.com/31599827927.html,小米,31599827927
129.0,华为（HUAWEI） 华为,莫问数码专营店,//item.jd.com/55774402952.html,华为,55774402952
29.0,华为B3,宾视数码专营店,//item.jd.com/28280743477.html,华为,28280743477
15.9,七佳数码 适用乐心,七佳数码专营店,//item.jd.com/44686660636.html,乐心,44686660636
270.0,女计步器心率运动手坏通用苹果多功能智能手表男通用计步心律检测兼容oppo华为米 中红,范斯登户外专营店,//item.jd.com/47968426180.html,华为,47968426180
279.0,乐心（HIIN） 智能,金久晖手表专营店,//item.jd.com/46077320713.html,乐心,46077320713
259.0,华为原装运动,华为进多专卖店,//item.jd.com/51952193990.html,华为,51952193990
259.0,华为（HUAWEI） 荣耀,爱果数码专营店,//item.jd.com/52681292672.html,荣耀,52681292672
129.0,【咨询领劵】华为,秒通数码专营店,//item.jd.com/55038040674.html,华为,55038040674
258.0,VOSSTR 智能血压,沃仕途智能手表专营店,//item.jd.com/25995551050.html,VOSSTR,25995551050
258.0,YEMEKE 初中学生智能电话手表儿童防水语音对讲青少年手机成人男女通用华为OPPO苹果,喧霆影音娱乐专营店,//item.jd.com/33225985915.html,华为,33225985915
129.0,华为（HUAWEI） 华为荣耀,屹林宏业数码专营店,//item.jd.com/12921317474.html,荣耀,12921317474
119.0,华为4e/3e,梓豪数码专营店,//item.jd.com/55078829889.html,华为,55078829889
258.0,DMDG 智能运动,瑞可视京东专营店,//item.jd.com/35864348823.html,DMDG,35864348823
19.8,勤大（QIND） 小米,勤大数码旗舰店,//item.jd.com/56657680695.html,小米,56657680695
138.0,纽曼（Newmine） 彩屏,子越数码专营店,//item.jd.com/36495922895.html,Newmine,36495922895
129.0,华为（HUAWEI） ,坤蓬数码专营店,//item.jd.com/56501410822.html,华为,56501410822
19.9,魅英（MEIYING） 适用华为A2,魅英旗舰店,//item.jd.com/47703990703.html,华为,47703990703
258.0,能接打电话的智能手表儿童青少年学生智定位oppo华为多功男孩女孩通用,采趣户外专营店,//item.jd.com/54499471787.html,华为,54499471787
388.0,AMAZFIT 华米AMAZFIT米动,邑喧数码专营店,//item.jd.com/56668290836.html,AMAZFIT,56668290836
48.0,华为b5,梓豪数码专营店,//item.jd.com/51555840643.html,华为,51555840643
388.0,AMAZFIT Amazfit 米动,邑喧数码专营店,//item.jd.com/56662889428.html,Amazfit,56662889428
239.0,爱多（IDALL） 智能,IDALL旗舰店,//item.jd.com/32205234169.html,爱多,32205234169
239.0,小米（MI）儿童电话手表2/2C 学生运动,骐子达数码配件专营店,//item.jd.com/53218403093.html,小米,53218403093
298.0,VOSSTR VOSSTR 时尚女性智能手表 心率血压血氧防水智能,格力威数码专营店,//item.jd.com/36952532926.html,VOSSTR,36952532926
238.0,乐心（HIIN） 彩屏智能,金久晖手表专营店,//item.jd.com/29637104260.html,乐心,29637104260
238.0,真匠 智能运动,真匠数码旗舰店,//item.jd.com/27831286729.html,真匠,27831286729
238.9,lengiang 华为智能,lengiang旗舰店,//item.jd.com/31245284801.html,华为,31245284801
119.0,华为（HUAWEI） 荣耀,金米数码专营店,//item.jd.com/56625323353.html,荣耀,56625323353
119.0,华为（HUAWEI） 荣耀A2  智能运动,佳恒天成数码专营店,//item.jd.com/13232341007.html,荣耀,13232341007
229.0,纽曼（Newmine）KW16 智能运动,纽曼智能京东自营旗舰店,//item.jd.com/100002583858.html,Newmine,100002583858
229.0,华为 荣耀,麦果数码专营店,//item.jd.com/54745850118.html,荣耀,54745850118
79.0,小米（MI） 【速发】小米,明猩智能旗舰店,//item.jd.com/21748345912.html,小米,21748345912
318.0,爱多（IDALL） 智能血压,IDALL旗舰店,//item.jd.com/41453801854.html,爱多,41453801854
229.0,小米（MI） 小米,芸铭手机配件专营店,//item.jd.com/55712384274.html,小米,55712384274
15.8,荣耀 （HONOR）,诺信达数码专营店,//item.jd.com/52770707051.html,荣耀,52770707051
109.0,华为（HUAWEI） ,华为友信猫专营店,//item.jd.com/44159115088.html,华为,44159115088
109.0,华为荣耀畅玩智能,进多数码专营店,//item.jd.com/21229899426.html,荣耀,21229899426
229.0,小米（MI） 小米,迈微影音娱乐旗舰店,//item.jd.com/56005369106.html,小米,56005369106
108.0,乐心（HIIN） 智能,金久晖手表专营店,//item.jd.com/54840000686.html,乐心,54840000686
236.0,VOSSTR VOSSTR 女性时尚智能,格力威数码专营店,//item.jd.com/35392625206.html,VOSSTR,35392625206
129.0,华为（HUAWEI） 3E跑步精灵智能,华为果珈专卖店,//item.jd.com/48152798245.html,华为,48152798245
16.8,炫戴（XUANDAI） 适用小米,腾飞哥特数码专营店,//item.jd.com/53612229817.html,小米,53612229817
35.0,华为（HUAWEI） 华为原装荣耀,港讯智能专营店,//item.jd.com/43394469541.html,荣耀,43394469541
99.0,华为（HUAWEI） 华为B5智能,菲奥娜数码专营店,//item.jd.com/42039946854.html,华为,42039946854
99.99,全颂 心率血压智能,全颂官方旗舰店,//item.jd.com/25956219433.html,全颂,25956219433
189.0,华为（HUAWEI） 荣耀,华为进多专卖店,//item.jd.com/53456879333.html,荣耀,53456879333
199.0,乐心（HIIN） 智能,金久晖手表专营店,//item.jd.com/21036670996.html,乐心,21036670996
199.0,乐心（HIIN） 智能,金久晖手表专营店,//item.jd.com/41421161802.html,乐心,41421161802
9.8,小米,华缘数码专营店,//item.jd.com/51321969834.html,小米,51321969834
199.0,VOSSTR 智能,沃仕途数码专营店,//item.jd.com/28421514875.html,VOSSTR,28421514875
299.0,纽曼（Newmine） EX18 蓝牙智能,子越数码专营店,//item.jd.com/34594494537.html,Newmine,34594494537
199.0,乐心（HIIN）智能,HIIN乐心旗舰店,//item.jd.com/41421798919.html,乐心,41421798919
219.0,华为（HUAWEI） 荣耀,华为朋友专卖店,//item.jd.com/54218195818.html,荣耀,54218195818
99.0,荣耀,华为进多专卖店,//item.jd.com/51900045404.html,荣耀,51900045404
198.0,小寻 A3儿童智能电话手表GPS定位防丢学生男女小孩360度安全防护通话,果珈数码专营店,//item.jd.com/41546438394.html,360,41546438394
99.0,华为（HUAWEI） 智能,盈诺智能设备专营店,//item.jd.com/56197700372.html,华为,56197700372
198.0,博之轮（BOZLUN)智能连续心率,博之轮钟表专营店,//item.jd.com/10580862545.html,博之轮,10580862545
198.0,VOSSTR 智能运动手表心率血压血氧监测,沃仕途智能手表专营店,//item.jd.com/55855242303.html,VOSSTR,55855242303
99.0,乐心（HIIN） 智能,金久晖手表专营店,//item.jd.com/55583064030.html,乐心,55583064030
99.0,博之轮（BOZLUN） 智能,高睿思钟表专营店,//item.jd.com/45201128275.html,博之轮,45201128275
198.0,DMDG 智能,瑞可视京东专营店,//item.jd.com/40263815652.html,DMDG,40263815652
99.0,华为（HUAWEI） ,华为进多专卖店,//item.jd.com/51375378526.html,华为,51375378526
99.0,华为（HUAWEI） 荣耀,华信富手机配件专营店,//item.jd.com/48297796750.html,荣耀,48297796750
99.0,华为（HUAWEI） ,荣耀进多专卖店,//item.jd.com/55016764082.html,华为,55016764082
299.0,VOSSTR 智能,沃仕途智能手表专营店,//item.jd.com/13725932571.html,VOSSTR,13725932571
189.0,【速发】小米（MI）智能,明猩智能旗舰店,//item.jd.com/26661066367.html,小米,26661066367
268.0,VOSSTR 智能,沃仕途智能手表专营店,//item.jd.com/25996565672.html,VOSSTR,25996565672
188.0,小米（MI） 小米小寻儿童手表 女孩男孩智能电话手表手机通话GPS 定位手表防水防丢学生运动,骐子达数码配件专营店,//item.jd.com/56478433896.html,小寻,56478433896
188.0,博之轮（BOZLUN） 智能,高睿思钟表专营店,//item.jd.com/27606279022.html,博之轮,27606279022
188.0,华为（HUAWEI） 运动,立众数码专营店,//item.jd.com/13679434961.html,华为,13679434961
188.0,男女通用小米华为手表式智能,捷童数码专营店,//item.jd.com/26695323524.html,华为,26695323524
189.0,小米（MI） ,天泰数码专营店,//item.jd.com/29503334872.html,小米,29503334872
99.0,华为（HUAWEI） ,华为丰弘专卖店,//item.jd.com/42738116060.html,华为,42738116060
195.0,佳明官网garmin跑步手表松路智能手表同款三达新款心率监测健康运动智能,女真文运动专营店,//item.jd.com/56319411949.html,佳明,56319411949
99.0,【咨询领卷】华为,千百回智能专营店,//item.jd.com/51016627626.html,华为,51016627626
179.0,华为（HUAWEI） 荣耀,誉满天下数码专营店,//item.jd.com/51513902742.html,荣耀,51513902742
58.0,华为（HUAWEI） 华为B5原装表带腕带 watch1智能手表,华为晨美专卖店,//item.jd.com/13529645597.html,华为,13529645597
9.9,米布斯（mijobs） 适用nfc小米,米布斯智能设备旗舰店,//item.jd.com/28893339435.html,小米,28893339435
19.5,小米（MI）,圆迈智能旗舰店,//item.jd.com/10469100380.html,小米,10469100380
19.0,乐心,坤蓬手机配件专营店,//item.jd.com/47181693150.html,乐心,47181693150
6.0,霹雳先锋 【清仓】小米,锋芒时代数码专营店,//item.jd.com/57077702052.html,小米,57077702052
269.0,乐心（lifesense） 乐心ziva,坤蓬数码专营店,//item.jd.com/12970294983.html,乐心,12970294983
169.0,DMDG 智能,瑞可视京东专营店,//item.jd.com/48399235044.html,DMDG,48399235044
199.0,华为（HUAWEI） 荣耀,智辰熙数码专营店,//item.jd.com/42196971574.html,荣耀,42196971574
399.0,VOSSTR 智能,利和成智能手表专营店,//item.jd.com/33030667947.html,VOSSTR,33030667947
168.0,VOSSTR 智能,格力威数码专营店,//item.jd.com/29967873737.html,VOSSTR,29967873737
199.0,VOSSTR 【心率检测血压血氧监测】智能,沃仕途数码专营店,//item.jd.com/24040155568.html,VOSSTR,24040155568
168.0,DMDG ,大白熊专营店,//item.jd.com/52308842521.html,DMDG,52308842521
168.0,纽曼（Newmine） EX18 蓝牙智能,子越数码专营店,//item.jd.com/27071123473.html,Newmine,27071123473
128.0,DMDG 女性智能,瑞可视京东专营店,//item.jd.com/41319848288.html,DMDG,41319848288
39.9,魅英（MEIYING） 适用于华为b5,魅英旗舰店,//item.jd.com/47914761310.html,华为,47914761310
159.0,DMDG 智能,瑞可视京东专营店,//item.jd.com/45546393583.html,DMDG,45546393583
179.0,纽曼（Newmine） EX28智能运动手表,子越数码专营店,//item.jd.com/46411596208.html,Newmine,46411596208
159.0,纽曼（Newmine） 蓝牙运动,雄创数码专营店,//item.jd.com/55706213631.html,Newmine,55706213631
128.0,VOSSTR 智能,一成智能手表专营店,//item.jd.com/30843224389.html,VOSSTR,30843224389
1599.0,AMAZFIT （预售） 智能运动手表3华米户外GPS定位跑步游泳运动健康男女多功能心率防水商务,京彩智能数码专营店,//item.jd.com/57245035366.html,华米,57245035366
169.0,乐心（lifesense） MAMBO5 智能,乐心智能旗舰店,//item.jd.com/38348006942.html,乐心,38348006942
39.0,华为（HUAWEI） 智能运动,金米数码专营店,//item.jd.com/30935175726.html,华为,30935175726
138.0,纽曼（Newmine） M3 智能,悦联数码专营店,//item.jd.com/43554015469.html,Newmine,43554015469
139.0,米友 运动智能心率血压小米计步器3代苹果手机,双闻数码专营店,//item.jd.com/10989354781.html,小米,10989354781
69.0,翰诺思（HEANTTV） 翰诺思 适用于小米,华卓数码专营店,//item.jd.com/11717718275.html,小米,11717718275
69.0,米布斯（mijobs） 适用小米,米布斯智能设备旗舰店,//item.jd.com/50917353704.html,小米,50917353704
19.9,七佳数码 适用于荣耀,七佳数码专营店,//item.jd.com/41379720236.html,荣耀,41379720236
69.0,乐心（HIIN）智能手表记步闹钟多功能夜光运动,HIIN乐心旗舰店,//item.jd.com/10532369916.html,乐心,10532369916
69.0,米布斯（mijobs） 适用华为荣耀,米布斯智能设备旗舰店,//item.jd.com/53841416761.html,荣耀,53841416761
69.0,炫戴（XUANDAI） 适用小米,腾飞哥特数码专营店,//item.jd.com/29308722902.html,小米,29308722902
68.0,鑫喆 华为B5智能,麟龙数码专营店,//item.jd.com/29989050586.html,华为,29989050586
68.0,霹雳先锋 小米,锋芒时代数码专营店,//item.jd.com/17026362732.html,小米,17026362732
15.8,炫戴（XUANDAI） 适用小米,腾飞哥特数码专营店,//item.jd.com/52536592881.html,小米,52536592881
129.0,华为,坤蓬手机配件专营店,//item.jd.com/56611590741.html,华为,56611590741
129.0,乐心（HIIN）智能,HIIN乐心旗舰店,//item.jd.com/17365950215.html,乐心,17365950215
40.0,DMDG 智能,瑞可视京东专营店,//item.jd.com/34146236702.html,DMDG,34146236702
112.0,华为（HUAWEI） 荣耀,诺信达数码专营店,//item.jd.com/41130616386.html,荣耀,41130616386
129.0,华为（HUAWEI） 智能,华为沃德专营店,//item.jd.com/55164565112.html,华为,55164565112
129.0,华为（HUAWEI） 荣耀,金达威数码专营店,//item.jd.com/57143466210.html,荣耀,57143466210
119.0,华为（HUAWEI） 荣耀,彪牌手机配件专营店,//item.jd.com/56591695991.html,荣耀,56591695991
1099.0,AMAZFIT Amazfit GTR智能手表华米户外GPS定位男女多功能心率防水,京彩智能数码专营店,//item.jd.com/55729037958.html,华米,55729037958
58.9,华为B5,进多数码专营店,//item.jd.com/34429005993.html,华为,34429005993
128.0,VOSSTR 智能,一成智能手表专营店,//item.jd.com/42278860480.html,VOSSTR,42278860480
9.9,文明 适用小米,大志数码专营店,//item.jd.com/44003592116.html,小米,44003592116
13.9,华为3e/4e,屹林智能专营店,//item.jd.com/56138387141.html,华为,56138387141
22.0,翰诺思 乐心,华卓数码专营店,//item.jd.com/27145032990.html,乐心,27145032990
109.0,华为荣耀畅玩智能,宾视数码专营店,//item.jd.com/15607147580.html,荣耀,15607147580
109.0,华为（HUAWEI） 荣耀,中国移动数码专营店,//item.jd.com/55641769037.html,荣耀,55641769037
4.89,bejoy  适用小米,剑亭数码专营店,//item.jd.com/26719745871.html,小米,26719745871
16.2,大黑熊 小米,闪搜数码旗舰店,//item.jd.com/32419565698.html,小米,32419565698
15.9,七佳数码 适用华为3e/4e,七佳数码专营店,//item.jd.com/48396005848.html,华为,48396005848
39.0,米布斯（mijobs） 适用华为荣耀,米布斯智能设备旗舰店,//item.jd.com/44018560003.html,荣耀,44018560003
106.0,全颂 新款智能心率彩屏,全颂官方旗舰店,//item.jd.com/27102793032.html,全颂,27102793032
35.0,小米华米米动青春版米兰皮质手表带amazfit运动,零零七数码专营店,//item.jd.com/54553536714.html,amazfit,54553536714
99.0,华为（HUAWEI） 华为GT B3 B5 B19 B29 荣耀,佳恒天成数码专营店,//item.jd.com/26640656625.html,荣耀,26640656625
1.0,乐心（lifesense） 乐心 智能,乐心智能旗舰店,//item.jd.com/12141662695.html,乐心,12141662695
43.8,适用小米,华缘数码专营店,//item.jd.com/55503553539.html,小米,55503553539
2588.0,康普奇（Compucci） 智能,康普奇旗舰店,//item.jd.com/54361334963.html,康普奇,54361334963
89.0,fitup earband V08蓝牙耳机智能,盛世嘉园数码专营店,//item.jd.com/35465898275.html,fitup,35465898275
19.9,适用于HUAWEI华为honor3充电底座 荣耀,大志数码专营店,//item.jd.com/48193514326.html,荣耀,48193514326
25.0,炫戴（XUANDAI） 炫戴 适用乐心智能,腾飞哥特数码专营店,//item.jd.com/29317565118.html,乐心,29317565118
19.0,浩酷（HOCO） 【加固防丢】HOCO小米,锋芒时代数码专营店,//item.jd.com/11815694885.html,小米,11815694885
38.0,鑫喆 华为B3,鑫喆旗舰店,//item.jd.com/43677696610.html,华为,43677696610
21.3,适用小米,华缘数码专营店,//item.jd.com/45544248461.html,小米,45544248461
